,Country,Year,bitcoin_return,bitcoin_premium,Interest_Rate,Inflation,Real_Interest_Rate,Tariff_Rate,Income_Tax_Rate,Corporate_Tax_Rate,Tax_Burden_Percent_of_GDP,Gov_Expenditure_Percent_of_GDP,Property_Rights,Economic_Freedom,Business_Freedom,Labor_Freedom,Monetary_Freedom,Trade_Freedom,Investment_Freedom,Financial_Freedom,Stock_Market_Returns,Currency_Returns,Trading_Volume,Global_Volume,Percent_Global_Volume
0,Australia,2014,-4.976274466182833,8.647871184333333,2.50,1.8,0.7,1.8,45.0,30.0,25.6,35.3,90.0,82.0,94.6,79.2,80.5,86.4,85,90,0.8029229017,8.932863822,39399.7603,287702640,0.0136946120132926
1,Australia,2015,0.7844305840299999,0.9375538600916666,2.00,2.5,-0.5,1.8,45.0,30.0,26.5,35.7,90.0,81.4,94.1,81.6,85.3,86.4,80,90,-2.57547053,12.34143477,143659.34,383432300,0.0374666766466987
2,Australia,2016,6.841487913583333,-2.546780992675,1.50,2.5,-1.0,1.8,45.0,30.0,27.5,35.6,90.0,80.3,89.4,77.2,85.2,86.4,80,90,7.500233463,0.6920686872,140955.94,1028608400,0.0137035571554733
3,Australia,2017,27.96194827975,-13.174843486289168,1.50,1.5,0.0,1.9,45.0,30.0,27.5,37.2,81.7,81.0,89.3,84.1,86.4,86.2,80,90,5.789086218,-7.177689458,488390.01,30386367280,0.0016072668558885
4,Australia,2018,-4.33144280975,4.507627704133333,1.50,1.3,0.2,1.9,45.0,30.0,27.8,36.0,78.7,80.9,89.1,79.7,87.4,86.2,80,90,-6.845064849,10.63999071,187548.03,66562087763,0.0002817640436216
5,Australia,2019,7.115550176666666,-7.591031005818333,0.75,2.0,-1.25,1.2,45.0,30.0,28.2,36.5,79.1,80.9,88.3,84.1,86.6,87.6,80,90,20.26521884,0.6189477351,184956.39,199888313632,9.252986662367362e-05
6,Australia,2020,10.04135941025,-2.5086548274999996,0.10,2.0,-1.9,0.9,45.0,30.0,27.8,35.8,82.8,82.6,87.8,84.0,86.2,88.2,80,90,-1.54694644,-8.94610123,153728.42,5364487230960,2.8656684857555266e-06
7,Australia,2021,12.355082766833334,-4.599717990034166,0.10,1.6,-1.5,2.6,45.0,30.0,28.5,37.4,81.5,82.4,87.4,84.1,86.7,89.8,80,90,11.37607911,6.062082398,1414105.5,17321689358183,8.16378512949118e-06
8,Australia,2022,-8.4065464715,4.013770739416667,3.10,0.9,2.2,2.5,45.0,30.0,28.7,40.2,91.7,77.7,84.6,64.2,83.2,90.0,80,90,-7.261055938,7.150476069,4436100.39,10964475110592,4.0458848647616507e-05
9,Brazil,2014,-6.9306229586666666,8.67824089725,11.75,5.4,6.35,7.9,27.5,34.0,34.8,39.1,50.0,56.9,53.8,49.8,69.9,69.3,55,60,-0.6634750998,12.49999747,25075.822,287702640,0.0087158817868337
10,Brazil,2015,2.7741817934166666,5.925743863250001,14.25,6.2,8.05,7.7,27.5,34.0,35.3,40.4,50.0,56.6,53.6,52.1,69.4,69.6,50,60,-10.64066623,49.07879033,39307.095,383432300,0.0102513781441991
11,Brazil,2016,6.207993055749999,-0.048286290074999925,13.75,6.3,7.45,7.8,27.5,34.0,33.4,38.6,45.0,56.5,61.4,52.5,64.2,69.4,55,50,42.9178235,-17.80271557,49311.86,1028608400,0.0047940362921399
12,Brazil,2017,32.993191121083335,-7.413732425,7.00,9.0,-2.0,7.8,27.5,34.0,32.8,41.9,55.0,52.9,61.3,52.3,67.0,69.4,50,50,28.214939,1.807950731,137875.77,30386367280,0.0004537421954046
13,Brazil,2018,-5.773035443916666,5.195341282833334,6.50,8.7,-2.2,8.3,27.5,34.0,32.0,40.5,55.8,51.4,58.6,46.8,71.4,68.5,50,50,12.83331836,17.00643588,92366.61,66562087763,0.000138767597448
14,Brazil,2019,7.0404110021666675,-5.761493911083334,4.50,3.4,1.1,8.0,27.5,34.0,32.2,38.6,57.3,51.9,57.9,51.9,75.5,69.0,50,50,27.4161649,3.652643673,115157.75,199888313632,5.76110468428928e-05
15,Brazil,2020,10.210423958083334,-2.5527802489166667,2.00,3.7,-1.7,8.6,27.5,34.0,32.3,38.9,57.3,53.7,60.5,49.5,77.2,67.8,60,50,0.6181845783,29.26326204,77056.08,5364487230960,1.4364109127762889e-06
16,Brazil,2021,12.11744073475,-4.257732248321667,9.25,3.7,5.55,10.2,27.5,34.0,32.9,38.1,55.0,53.4,58.0,50.7,77.8,64.6,60,50,-11.58589045,7.308282269,134255.28,17321689358183,7.750703596157956e-07
17,Brazil,2022,-8.252206119916666,4.428971123491666,13.75,3.2,10.55,10.0,27.5,34.0,33.1,39.2,50.3,53.3,63.2,55.9,78.4,60.0,60,50,5.878447297,-5.127287837,182941.07,10964475110592,1.6684890809161822e-06
18,Canada,2014,-3.6336359858166674,15.639927520408333,1.00,1.5,-0.5,0.9,29.0,15.0,31.0,41.9,90.0,80.2,89.3,83.1,76.3,88.3,80,80,7.637081847,9.280280877,9230.8297,287702640,0.0032084619383402
19,Canada,2015,-0.7120148805249995,-0.4448540761666668,0.50,1.0,-0.5,0.8,29.0,15.0,30.7,41.5,90.0,79.1,89.0,76.1,77.9,88.4,80,80,-11.81873138,19.53674093,33100.06,383432300,0.0086325695566075
20,Canada,2016,7.602737992333334,-2.7148743434666667,0.50,1.9,-1.4,1.5,29.0,15.0,30.6,40.7,90.0,78.0,81.8,72.6,76.9,87.0,80,80,18.25916965,-2.839530564,72226.093,1028608400,0.0070217288717455
21,Canada,2017,27.943116725033335,-12.49907974925,1.00,1.1,-0.1,0.8,33.0,15.0,30.8,40.3,88.3,78.5,81.9,73.1,77.8,88.4,80,80,5.233393556,-6.770989497,253946.75,30386367280,0.0008357259282097
22,Canada,2018,-4.082057721,5.537311310333333,1.75,1.4,0.35,1.0,33.0,15.0,31.9,39.9,87.5,77.7,81.8,71.3,77.5,88.1,80,80,-12.18332072,8.407948045,162769.7,66562087763,0.0002445381529791
23,Canada,2019,6.487521344,-9.050448192666666,1.75,1.6,0.15,1.6,33.0,15.0,31.7,40.3,87.0,77.7,81.9,73.7,77.2,86.8,80,80,18.93191813,-4.121279129,34311.31,199888313632,1.7165240616901738e-05
24,Canada,2020,10.0478361315,-2.784672605166667,0.25,0.9,-0.65,1.5,33.0,15.0,32.2,40.5,87.7,78.2,81.7,72.0,76.0,87.0,80,80,1.949709887,-2.37278575,48853.98,5364487230960,9.106924463917004e-07
25,Canada,2021,12.360531938916667,-4.924711734516667,0.25,1.9,-1.65,3.1,33.0,15.0,33.0,40.9,84.5,77.9,81.4,72.4,76.1,88.8,80,80,21.08079642,-0.04940135912,1148412.899,17321689358183,6.629912794605535e-06
26,Canada,2022,-8.42462415525,3.9494520715,4.25,0.7,3.55,3.4,33.0,15.0,33.5,44.9,89.5,76.6,78.8,68.7,78.2,83.2,80,80,-8.718949023,6.336900832,47333.83,10964475110592,4.3170174151131196e-07
27,Colombia,2014,-5.904774638,0.11987162616666636,4.50,3.2,1.3,5.6,33.0,25.0,15.1,28.9,50.0,70.7,85.2,80.5,78.8,78.8,75,70,2.268893394,15.19216901,678.03176,287702640,0.0002356710247775
28,Colombia,2015,2.0202672651333327,-7.180767319841667,5.75,2.0,3.75,4.4,33.0,25.0,16.1,28.3,50.0,71.7,81.5,81.7,80.1,81.2,80,70,2.046828103,16.96259148,1774.8959,383432300,0.0004628968138573
29,Colombia,2016,7.406947073975001,-10.712686077,7.50,2.9,4.6,4.5,33.0,25.0,16.5,29.2,50.0,70.8,78.2,77.6,79.6,81.0,80,70,8.380169124,-7.554896301,3316.2514,1028608400,0.000322401742004
30,Colombia,2017,31.227900845500002,-23.696730176216665,4.75,5.0,-0.25,4.2,33.0,25.0,16.7,29.6,63.8,69.7,77.1,77.9,77.0,81.6,80,70,8.008123819,-6.148323302,8504.176,30386367280,2.7986813697198223e-05
31,Colombia,2018,-4.767506029416667,-0.9173033176000001,4.25,7.5,-3.25,4.2,33.0,25.0,16.1,29.2,60.7,68.9,78.6,75.2,73.9,81.6,80,70,-16.77596875,12.87434447,12048.9226,66562087763,1.81017798643895e-05
32,Colombia,2019,7.9036806303333345,-13.96137741125,4.25,4.3,-0.05,7.0,33.0,33.0,19.9,28.9,59.2,67.3,71.4,78.5,75.6,76.0,80,70,3.004127373,5.58039109,6648.55993,199888313632,3.3261373860205686e-06
33,Colombia,2020,9.627605614624999,-5.599715226008333,1.75,3.2,-1.45,4.4,39.0,33.0,18.8,27.7,61.1,69.2,71.3,78.0,77.5,81.2,80,70,-0.8334262928,-2.895385394,16043.193053,5364487230960,2.9906293672226705e-07
34,Colombia,2021,12.913446797,-6.650187706772499,3.00,3.5,-0.5,6.5,39.0,32.0,22.0,32.0,59.8,68.1,71.0,77.7,78.1,77.0,80,70,19.1697233,19.76090014,3509.277,17321689358183,2.0259438484515773e-08
35,Colombia,2022,-7.918273601843333,3.3908018263333335,12.00,2.5,9.5,6.8,39.0,31.0,19.7,33.7,50.9,65.1,68.8,60.7,79.3,76.4,80,70,-8.456869634,0.5284791544,2613.956,10964475110592,2.3840229227889285e-08
36,Czech Republic,2014,-5.905264881191667,5.098475627333333,0.05,3.3,-3.25,1.1,15.0,19.0,35.3,43.3,70.0,72.2,70.1,84.0,79.4,87.8,80,80,-99.9748453,14.65990624,681.4242,287702640,0.0002368501728034
37,Czech Republic,2015,5.800749260750002,-13.335119980374166,0.05,1.4,-1.35,1.0,15.0,19.0,35.5,44.5,75.0,72.5,68.2,82.9,81.2,88.0,80,80,-0.7142787892,8.546115892,2513.2803,383432300,0.0006554691141043
38,Czech Republic,2016,6.896878513000001,-5.042957134791666,0.05,0.4,-0.35,1.0,15.0,19.0,34.1,41.9,75.0,73.2,66.6,77.7,84.1,88.0,80,80,-1.77142017,3.419983602,1847.8504,1028608400,0.0001796456649585
39,Czech Republic,2017,27.187547164241664,-13.741109045866667,0.50,0.3,0.2,1.5,15.0,19.0,33.5,42.9,70.3,73.3,67.2,77.7,85.8,87.0,80,80,15.57576176,-16.27499613,678.858591,30386367280,2.2340893359991007e-06
40,Czech Republic,2018,-3.3604532472499997,7.815451617249999,1.75,0.7,1.05,1.6,15.0,19.0,33.5,41.4,73.0,74.2,72.5,76.8,85.2,86.9,80,80,-8.959537182,5.105175651,2128.9924650000003,66562087763,3.198506141484714e-06
41,Czech Republic,2019,6.646470430000001,-7.568357848325,2.00,2.4,-0.4,2.0,15.0,19.0,34.0,40.0,74.8,73.7,72.4,78.1,81.5,86.0,80,80,12.76165746,0.808491129,37879.553,199888313632,1.8950358983836004e-05
42,Czech Republic,2020,9.841371805083334,-3.2233457015,0.25,2.2,-1.95,1.8,15.0,19.0,34.9,39.7,76.8,74.8,69.7,77.6,80.8,86.4,80,80,-8.610121503,-5.928179083,14544.7336,5364487230960,2.711299882691146e-07
43,Czech Republic,2021,12.578249157583334,-4.8428218012499995,3.75,2.9,0.85,3.0,22.0,19.0,35.3,40.2,76.2,73.8,68.8,77.1,79.7,84.0,70,80,29.20905194,2.376641119,4914.144,17321689358183,2.8369888746899223e-08
44,Czech Republic,2022,-8.454049728333333,4.04751839885,7.00,3.2,3.8,2.9,23.0,19.0,34.9,42.9,88.8,74.4,80.6,56.5,79.0,79.2,70,80,6.100262679,3.844533827,6191.0973,10964475110592,5.646505863303225e-08
45,Indonesia,2014,-5.222501844416667,9.053172513,7.75,4.3,3.45,2.6,30.0,25.0,11.8,18.5,30.0,58.5,54.8,47.8,76.4,74.8,40,60,20.79099875,2.154959697,14.791572,287702640,5.141270862165186e-06
46,Indonesia,2015,2.4853498129166667,-2.2493026245,7.50,6.4,1.1,2.6,30.0,25.0,11.9,19.7,30.0,58.1,49.3,48.7,74.9,74.8,40,60,-12.39347423,11.47342995,40972.22436,383432300,0.0106856475993284
47,Indonesia,2016,7.036179519416667,-3.637527992666666,4.75,6.4,-1.65,2.3,30.0,25.0,11.8,19.1,30.0,59.4,54.0,49.3,74.3,80.4,40,60,17.03061857,-2.737450343,1178917.55,1028608400,0.1146128643320431
48,Indonesia,2017,28.029822480506834,-14.0855314447,4.25,6.4,-2.15,2.3,30.0,25.0,10.9,17.4,48.3,61.9,49.1,48.9,74.0,80.5,35,60,20.46414922,0.6832021387,393250.992,30386367280,0.0012941691528188
49,Indonesia,2018,-3.7794240870000007,4.848463725175001,6.00,3.5,2.5,2.3,30.0,25.0,10.4,17.6,49.3,64.2,57.3,50.3,81.6,80.5,40,60,-2.28323579,7.338840537,13625.47,66562087763,2.0470316448778845e-05
50,Indonesia,2019,7.007280209416667,-6.89373451335,5.00,3.8,1.2,2.6,30.0,25.0,10.4,16.9,52.2,65.8,69.3,49.3,77.4,79.8,45,60,1.914915231,-4.356490071,1168.9067,199888313632,5.847799097209805e-07
51,Indonesia,2020,10.027059140666667,-2.7765366738000004,3.75,3.2,0.55,2.1,30.0,25.0,11.5,16.7,59.8,67.2,70.0,49.2,78.4,80.8,50,60,-4.846087125,-0.6210247122,3268.1075,5364487230960,6.092115349140568e-08
52,Indonesia,2021,12.467203330416666,-4.869714789475,3.50,2.8,0.7,5.4,30.0,25.0,10.2,16.5,59.4,66.9,71.3,49.2,79.0,79.2,50,60,7.806583965,3.272283938,26859.185,17321689358183,1.550610015258781e-07
53,Indonesia,2022,-8.308778139583334,4.361301863058333,5.50,2.0,3.5,5.7,30.0,22.0,9.5,17.1,38.6,64.4,66.6,59.3,80.3,78.6,50,60,2.780232095,9.343934887,19517.946,10964475110592,1.7801076479388513e-07
54,Israel,2014,-6.041005676416666,2.6628347702916666,0.25,1.7,-1.45,3.5,48.0,25.0,32.6,44.6,75.0,68.4,73.2,63.0,80.6,82.9,80,70,5.74014693,12.51690608,6664.0479,287702640,0.0023162970975865
55,Israel,2015,0.9675308911291665,-5.535254156333334,0.10,1.5,-1.4,0.7,48.0,26.5,28.3,41.7,75.0,70.5,72.4,67.1,81.6,88.6,80,70,2.770025132,0.1163987176,6499.00404,383432300,0.0016949547651567
56,Israel,2016,7.04385475225,-3.868556223416667,0.10,0.5,-0.4,0.9,48.0,26.5,30.5,41.3,75.0,70.7,70.6,64.6,84.2,88.2,85,70,-2.209120971,-1.579116376,5132.02805,1028608400,0.0004989292377935
57,Israel,2017,28.594759112475003,-16.487454774416666,0.10,-0.6,0.7,1.0,48.0,25.0,31.1,40.3,71.9,69.7,69.9,64.3,84.9,88.0,75,70,6.654844349,-10.05538207,12330.21021,30386367280,4.0578099041525175e-05
58,Israel,2018,-3.5704614488333335,2.6303982985,0.25,-0.5,0.75,2.2,48.0,25.0,31.4,40.1,78.2,72.2,71.8,65.1,85.3,85.5,75,70,-3.7901349,9.081442157,6378.0089,66562087763,9.58204454570212e-06
59,Israel,2019,6.565383179333334,-7.7294213835333325,0.25,0.2,0.05,2.8,48.0,23.0,32.7,39.8,80.0,72.8,71.4,65.1,86.2,84.4,75,70,19.85320794,-8.052696819,3151.9427,199888313632,1.5768519143159189e-06
60,Israel,2020,10.122095973333334,-2.630810733368333,0.10,0.8,-0.7,1.9,48.0,23.0,32.7,39.4,82.3,74.0,72.2,64.4,84.9,86.2,75,70,-3.425488323,-7.120766909,3730.9207,5364487230960,6.954850555832779e-08
61,Israel,2021,12.188326897908333,-3.1866102221666672,0.10,0.8,-0.7,2.9,50.0,23.0,31.1,39.2,83.6,73.8,73.9,65.1,84.4,84.2,75,70,30.37918933,-3.393449764,3271.4762,17321689358183,1.8886588555835696e-08
62,Israel,2022,-8.51796762325,7.4064582157666665,3.25,-0.6,3.85,3.1,50.0,23.0,30.5,41.5,83.2,68.0,81.1,56.5,84.8,78.8,80,70,-12.52912808,13.36539939,1793.8803482,10964475110592,1.636084108091102e-08
63,Japan,2014,-4.230414671108334,14.03330305475,...,0.0,0.0,1.3,40.8,25.5,27.6,42.0,80.0,72.4,80.0,79.8,87.5,82.4,70,50,9.69200635,13.445391,25114.07042,287702640,0.0087291762147194
64,Japan,2015,0.8424325299200005,-3.8124438651166668,...,0.4,0.4,1.2,40.8,25.5,28.6,42.0,80.0,73.3,84.1,90.2,86.7,82.6,70,50,9.334407389,0.830414676,713097.688,383432300,0.1859774692951011
65,Japan,2016,7.0206009895,-3.922984711416667,...,2.7,2.7,1.2,40.8,23.9,30.3,42.3,80.0,73.1,82.5,83.9,81.2,82.6,70,60,3.59541149,-3.472809268,9959461.59,1028608400,0.9682461848454668
66,Japan,2017,28.47295665989167,-12.694359917583332,-0.10,0.8,-0.9,1.2,40.8,23.9,30.3,39.3,89.4,69.6,82.3,77.5,83.0,82.6,70,60,16.18226692,-2.917421401,18664822.12,30386367280,0.0614249868962947
67,Japan,2018,-3.7064180624999996,5.787226507058333,-0.10,-0.1,0.0,1.4,40.8,23.9,32.0,39.1,86.0,72.3,81.7,79.2,85.4,82.3,70,60,-14.85370339,-2.254704912,11446236.62,66562087763,0.0171963305309101
68,Japan,2019,7.191195745916667,-9.129269954333333,-0.10,0.5,-0.6,2.5,40.8,23.9,30.7,38.7,84.1,72.1,80.5,79.0,85.9,80.0,70,60,20.93173694,-1.320584345,8795251.85,199888313632,0.0044000830714857
69,Japan,2020,10.142529777750001,-2.6746421446666666,-0.10,1.0,-1.1,2.5,40.8,23.9,30.6,38.4,86.6,73.3,81.4,78.7,84.4,80.0,70,60,18.26906373,-5.283218836,12244611.09,5364487230960,0.0002282531500743
70,Japan,2021,12.419823812416666,-4.7861761865,-0.10,0.5,-0.6,2.3,40.8,23.9,31.4,37.5,87.8,74.1,85.9,79.0,85.1,80.4,60,60,5.625169323,11.58057145,5371113.85,17321689358183,3.10080254814327e-05
71,Japan,2022,-8.370489904916667,4.219101298641666,-0.10,0.0,-0.1,2.3,40.8,23.9,32.0,39.8,94.6,69.9,78.3,66.6,87.1,75.4,60,60,-10.94571071,15.5158446,2715124.45,10964475110592,2.476292227958192e-05
72,Malaysia,2014,-7.610301612108334,4.689996663266666,3.25,1.7,1.55,4.3,26.0,25.0,15.3,28.5,55.0,69.6,85.6,78.5,81.0,76.4,55,60,-4.948862818,6.725278657,1642.173,287702640,0.0005707882972502
73,Malaysia,2015,2.3261457855833334,-2.7847826670500004,3.25,2.1,1.15,5.0,26.0,25.0,16.1,29.5,55.0,70.8,93.5,75.7,80.8,80.0,55,60,-3.437987248,22.8260894,18015.443,383432300,0.0046984677608015
74,Malaysia,2016,6.006691357833334,-5.605238222161667,3.00,3.1,-0.1,4.3,25.0,25.0,15.8,29.3,55.0,71.5,91.4,71.5,84.5,81.4,60,60,-0.7040175328,4.413131078,79554.27,1028608400,0.0077341649164055
75,Malaysia,2017,31.208825360833334,-20.787799478833332,3.00,2.1,0.9,4.4,28.0,24.0,14.8,25.2,85.3,73.8,90.8,73.1,85.3,81.2,60,50,9.861025258,-9.470282681,73243.2,30386367280,0.0002410396719196
76,Malaysia,2018,-6.078765232166667,2.2360151923583333,3.25,2.1,1.15,1.3,25.0,25.0,13.8,24.9,83.8,74.5,83.9,75.8,85.6,87.4,60,50,-5.167442511,2.269091285,22827.4937,66562087763,3.429503861309044e-05
77,Malaysia,2019,16.43381107832,-207.7881264813333,3.00,3.8,-0.8,4.0,25.0,25.0,13.8,23.7,84.1,74.0,83.9,74.4,78.6,82.0,60,50,-4.75687912,-1.059989124,1348.248155,199888313632,6.745007401894254e-07
78,Malaysia,2020,9.54771504275,-2.4213346405833334,1.75,1.0,0.75,4.0,25.0,25.0,13.6,22.6,86.5,74.7,87.8,74.5,81.6,82.0,60,50,1.541963241,-1.75310516,16751.882,5364487230960,3.122736857927459e-07
79,Malaysia,2021,12.445793877016667,-3.658300360783333,1.75,0.7,1.05,3.8,30.0,24.0,12.0,22.8,85.1,74.4,86.7,73.9,83.6,82.4,60,50,-2.186482847,3.382908643,26069.56,17321689358183,1.5050241036498206e-07
80,Malaysia,2022,-8.43695094175,4.24916271875,2.75,-1.1,3.85,3.9,30.0,24.0,12.0,23.9,65.6,68.1,67.1,57.0,83.6,82.2,60,50,-3.457606721,5.957086373,12880.593,10964475110592,1.174756919057345e-07
81,New Zealand,2014,-5.961019962175,5.104308711416667,3.50,1.1,2.4,1.6,33.0,28.0,31.7,47.5,95.0,81.2,96.1,90.2,86.3,86.8,80,80,16.75892296,5.002053185,3181.3195,287702640,0.0011057665303314
82,New Zealand,2015,2.2982134467416673,0.9974955204750003,2.50,1.1,1.4,1.6,33.0,28.0,32.9,43.6,95.0,82.1,95.5,91.4,87.6,86.8,80,80,12.88079919,14.47935717,6106.6692,383432300,0.0015926329628463
83,New Zealand,2016,6.834429468250001,4.708496059233334,1.75,1.2,0.55,1.4,33.0,28.0,32.1,42.4,95.0,81.6,91.4,85.9,88.1,87.2,80,80,9.606729867,-1.834236996,5547.1678,1028608400,0.0005392885961265
84,New Zealand,2017,30.702802092833334,5.736323301206667,1.75,0.3,1.45,1.3,33.0,28.0,32.4,41.9,96.1,83.7,91.8,86.2,90.1,87.4,80,80,20.41449273,-1.710935539,7066.984,30386367280,2.325708741318156e-05
85,New Zealand,2018,-4.41410619171,12.666923433666668,1.75,0.6,1.15,1.3,33.0,28.0,32.8,41.0,95.1,84.2,91.5,84.4,90.0,87.4,80,80,4.585916856,5.749918569,2660.3486,66562087763,3.996792602828803e-06
86,New Zealand,2019,-2.6507529730858335,-110.89115714641667,1.00,1.9,-0.9,1.3,33.0,28.0,32.1,40.7,95.0,84.4,91.0,86.7,87.5,92.4,80,80,31.60116024,-0.4017941924,0.0,199888313632,0.0
87,New Zealand,2020,22.128907261583333,-43.95075412866667,0.25,1.6,-1.35,1.4,33.0,28.0,32.0,37.5,93.3,84.1,90.4,86.7,87.0,92.2,80,80,12.92574786,-6.661029603,1450.9294,5364487230960,2.704693547644719e-08
88,New Zealand,2021,12.743671460666667,-5.622437575041666,0.75,1.6,-0.85,2.4,33.0,28.0,32.7,37.4,91.3,83.9,89.9,86.3,86.9,90.2,80,80,-2.497677973,5.636306679,1903.0586,17321689358183,1.0986564651102981e-08
89,New Zealand,2022,-8.271082971166667,4.146586187683334,4.25,1.7,2.55,2.5,33.0,28.0,32.3,39.4,88.2,80.6,81.3,70.5,81.8,90.0,70,80,-12.75354525,7.635032177,1048.111675,10964475110592,9.559159598871212e-09
90,Russia,2014,-7.0131181433366665,4.971261442916666,17.00,5.1,11.9,5.2,13.0,20.0,29.5,35.8,25.0,51.9,70.0,55.8,69.4,74.6,25,30,-0.9988041071,73.05526976,17805.4531,287702640,0.0061888389692913
91,Russia,2015,3.146125261416666,5.792203784083333,11.00,6.8,4.2,5.0,13.0,20.0,28.7,37.5,20.0,52.1,76.3,58.9,63.9,75.0,25,30,10.67781341,29.47312868,214803.7,383432300,0.0560212845918301
92,Russia,2016,6.896939351333334,-8.756606156875,10.00,7.8,2.2,6.3,13.0,20.0,34.8,38.2,20.0,50.6,72.2,57.6,62.9,72.4,25,30,28.71966927,-17.60030288,348056.7,1028608400,0.0338376295585375
93,Russia,2017,28.065492575416666,-19.376205076833333,7.75,15.5,-7.75,4.9,13.0,20.0,35.3,36.4,47.6,57.1,74.8,50.8,57.3,75.2,30,30,-5.992305836,-4.594531205,272617.17,30386367280,0.0008971693374463
94,Russia,2018,-3.585390537083333,3.3038206738916664,7.75,7.0,0.75,2.8,13.0,20.0,29.2,35.3,48.7,58.2,77.0,52.0,60.8,79.4,30,30,8.101593183,20.76173212,278186.64,66562087763,0.0004179355686535
95,Russia,2019,6.7519642840000005,-6.595431726,6.25,3.7,2.55,3.6,13.0,20.0,22.2,35.4,52.4,58.9,78.4,52.5,65.1,77.8,30,30,10.37669251,-10.86014339,130589.54,199888313632,6.533125305185124e-05
96,Russia,2020,9.540864666,-2.6503396252500004,4.25,2.9,1.35,3.6,13.0,20.0,24.2,34.7,56.8,61.0,80.2,52.1,68.2,77.8,30,30,10.30141228,20.25283293,43125.98,5364487230960,8.039161646449181e-07
97,Russia,2021,12.338463680758332,-5.562826217916666,8.50,4.5,4.0,5.5,13.0,20.0,11.4,33.6,54.4,61.5,84.1,55.4,67.3,74.0,30,30,5.696848034,0.01274602907,33164.17,17321689358183,1.91460366908917e-07
98,Russia,2022,-8.183961843783335,2.231248219,7.50,3.4,4.1,5.5,13.0,20.0,11.0,35.3,36.8,56.1,62.5,57.3,68.0,69.0,30,30,8.619136501,-0.7600885782,22251.227,10964475110592,2.0293928141169907e-07
99,Singapore,2014,-5.341738619333333,6.884238992833333,0.68,4.6,-3.92,0.0,20.0,17.0,13.8,17.1,90.0,89.4,96.8,96.5,81.5,90.0,85,80,6.000661675,4.67634222,949.272,287702640,0.0003299490056816
100,Singapore,2015,1.1017871378583333,-3.949352280333333,1.23,2.4,-1.17,0.0,20.0,17.0,14.0,14.4,90.0,89.4,96.9,96.9,83.7,90.0,85,80,-14.47402665,7.052694722,31873.9086,383432300,0.0083127865336331
101,Singapore,2016,6.84283691225,-4.490032601483334,0.96,1.0,-0.04,0.0,20.0,17.0,13.8,18.2,90.0,87.8,95.0,90.7,81.8,90.0,85,80,1.579355195,2.238196424,296275.4481,1028608400,0.0288035221275657
102,Singapore,2017,27.471217094333337,-13.886594611066664,1.52,-0.5,2.02,0.0,22.0,17.0,13.4,20.3,97.1,88.6,95.1,90.8,84.3,90.0,85,80,17.38375893,-7.494863999,411024.068,30386367280,0.0013526594482734
103,Singapore,2018,-3.7755043325,5.556779736083333,1.86,-0.5,2.36,0.0,22.0,17.0,13.6,17.7,98.4,88.8,90.9,92.6,85.2,90.0,85,80,-10.53960394,2.119150476,66445.671,66562087763,9.982510049352042e-05
104,Singapore,2019,6.612624196916667,-7.529353071749999,2.51,0.6,1.91,0.1,22.0,17.0,13.7,17.6,97.4,89.4,90.8,91.0,85.3,94.8,85,80,6.052874308,-1.315372811,43336.905,199888313632,2.168055961479792e-05
105,Singapore,2020,10.279809122333333,-2.3139088504666665,1.06,0.4,0.66,0.1,22.0,17.0,14.1,17.2,96.8,89.4,92.8,90.9,85.6,94.8,85,80,-12.55196622,-1.872158215,17705.1401,5364487230960,3.300434755034655e-07
106,Singapore,2021,12.295877985333334,-4.3465248499083335,0.76,0.6,0.16,0.0,22.0,17.0,13.1,14.0,97.5,89.7,93.8,91.5,85.4,95.0,85,80,9.261605455,2.189819894,3388.52764,17321689358183,1.9562339272636906e-08
107,Singapore,2022,-8.341518547416667,4.197368071333334,...,-0.2,-0.2,0.0,22.0,17.0,13.2,18.2,94.4,84.4,83.1,77.0,86.5,95.0,85,80,3.735186037,-0.6205997314,216064.29545,10964475110592,1.9705849415561688e-06
108,South Africa,2014,-7.1185466520833325,7.561859082833334,5.75,5.7,0.05,4.5,40.0,28.0,27.3,32.1,50.0,62.5,74.5,54.4,75.3,76.1,55,60,6.827479887,11.66859644,8889.174,287702640,0.0030897088744128
109,South Africa,2015,1.6995338416308332,4.327666002758333,6.25,5.8,0.45,4.2,40.0,28.0,25.8,32.6,50.0,62.6,73.0,61.6,74.9,76.6,50,60,2.373419456,34.41082019,62517.196,383432300,0.0163046243104715
110,South Africa,2016,7.177529344408334,2.2743277386250003,7.00,6.1,0.9,4.0,40.0,28.0,24.7,31.7,50.0,61.9,69.7,58.7,74.6,77.0,45,60,2.710911607,-12.62005186,96273.12,1028608400,0.0093595502428329
111,South Africa,2017,29.37244320736667,-7.662150454416667,6.75,4.6,2.15,3.9,41.0,28.0,22.6,33.7,67.6,62.3,62.0,58.9,75.8,77.3,40,50,16.62858084,-8.684054762,185134.41,30386367280,0.0006092679927615
112,South Africa,2018,-4.97891002275,7.766345644499999,6.75,6.3,0.45,4.2,45.0,28.0,30.6,32.6,67.7,63.0,65.1,60.1,74.6,71.6,50,50,-11.70963491,16.29462431,185324.61,66562087763,0.0002784236736381
113,South Africa,2019,7.392877259641668,-2.858570211725,6.50,5.3,1.2,4.5,45.0,28.0,31.3,32.8,58.8,58.3,64.3,59.1,75.2,76.0,45,50,11.3530671,-2.197043863,169980.33,199888313632,8.50376527328849e-05
114,South Africa,2020,9.759528246191666,1.380560868,3.50,4.6,-1.1,4.6,45.0,28.0,28.6,33.0,58.4,58.8,62.0,58.8,75.9,75.8,45,50,2.929206985,3.849394218,162101.29,5364487230960,3.021748081801124e-06
115,South Africa,2021,12.148086724499999,-2.2006960861916665,3.75,4.1,-0.35,6.2,45.0,28.0,28.4,33.7,59.6,59.7,61.5,59.4,76.8,72.6,45,50,21.87515743,8.522466285,182880.04,17321689358183,1.055786397148411e-06
116,South Africa,2022,-8.424392474833333,5.67642909925,7.00,3.3,3.7,6.4,45.0,28.0,29.1,32.6,43.2,56.2,65.7,71.1,78.0,72.2,45,50,-0.914280337,6.491876894,182985.91,10964475110592,1.6688980380212668e-06
117,Switzerland,2014,-6.32759210025,7.98149434975,0.25,-0.7,0.95,0.0,41.5,24.0,28.5,33.8,90.0,81.6,75.4,87.4,85.2,90.0,85,80,8.619957773,10.73720895,2747.16612,287702640,0.0009548630210692
118,Switzerland,2015,7.501620306916666,7.241311256333333,-0.25,-0.2,-0.05,0.0,40.0,24.0,28.2,34.1,90.0,80.5,78.1,75.3,86.3,90.0,85,80,-1.350954216,-0.05462784359,6598.619,383432300,0.0017209345691534
119,Switzerland,2016,9.439234249666667,10.732569467833335,-0.25,0.0,-0.25,0.0,40.0,24.0,27.1,33.5,90.0,81.0,82.2,72.1,87.8,90.0,85,80,-5.041865123,2.945344289,2726.9515,1028608400,0.0002651107554634
120,Switzerland,2017,28.56358236041667,-5.4085554044999995,-0.25,-1.1,0.85,0.0,11.5,8.5,27.1,33.0,86.9,81.5,76.8,72.2,84.4,90.0,85,90,12.81466334,-3.77543951,2762.179773,30386367280,9.09019412405391e-06
121,Switzerland,2018,-4.15826738575,7.870788389166667,-0.25,-0.4,0.15,0.0,40.0,24.0,27.9,34.0,84.2,81.7,75.7,73.9,85.2,90.0,85,90,-11.07320376,0.5006680629,1411.33541,66562087763,2.120329240610932e-06
122,Switzerland,2019,6.264796185833333,-6.9621582648333336,-0.75,0.5,-1.25,1.3,40.0,24.0,27.8,34.3,85.3,81.9,75.4,72.5,85.2,87.4,85,90,25.4066641,-1.521960578,391.7945401,199888313632,1.960067264469021e-07
123,Switzerland,2020,10.115412575416668,-2.46452425345,-0.75,0.9,-1.65,1.7,11.5,8.5,28.5,34.0,87.4,82.0,74.2,72.4,84.4,86.6,85,90,0.03448144938,-8.986921659,10278.305775,5364487230960,1.9159903514507294e-07
124,Switzerland,2021,12.260115887583332,-4.423432371425,-0.75,0.4,-1.15,2.0,11.5,8.5,27.9,32.8,85.4,81.9,73.6,72.5,85.4,86.0,85,90,20.39977543,3.643457153,19108.745,17321689358183,1.1031686693407173e-07
125,Switzerland,2022,-8.415818565,4.110128067583333,1.00,-0.7,1.7,1.7,40.0,24.0,28.5,33.1,95.2,84.2,84.3,60.0,84.9,86.6,85,90,-17.07813982,1.001425893,13678.078,10964475110592,1.247490450937007e-07
126,Thailand,2014,-6.419346975483333,-0.3436391550833335,2.00,3.0,-1.0,5.0,37.0,20.0,16.2,23.4,45.0,63.3,71.4,61.6,68.6,75.0,45,70,21.68561309,0.4924278929,9208.1899,287702640,0.003200592771759
127,Thailand,2015,7.6116710772500005,-9.982280122733334,1.50,2.2,-0.7,4.8,35.0,20.0,15.0,24.9,40.0,62.4,72.5,63.5,69.9,75.4,45,60,-13.16231117,9.556852587,16835.613,383432300,0.0043907654623775
128,Thailand,2016,6.559948492583334,-0.5837438006666668,1.50,1.9,-0.4,6.2,35.0,20.0,16.2,24.3,40.0,63.9,76.3,62.5,70.9,77.6,50,60,22.1250346,-0.3278143011,13655.869,1028608400,0.0013276062104878
129,Thailand,2017,27.795957263583333,-10.63806760975,1.50,-0.9,2.4,3.6,35.0,20.0,16.5,22.3,51.3,66.2,69.9,62.8,72.9,82.8,50,60,12.15991572,-8.952556256,28642.459,30386367280,9.426088592976422e-05
130,Thailand,2018,-4.281954862916667,5.095811959908334,1.75,0.2,1.55,3.5,35.0,20.0,15.7,22.0,48.6,67.1,77.2,62.6,75.5,83.1,55,60,-12.068957,-0.4347091904,105170.334,66562087763,0.0001580033582697
131,Thailand,2019,7.702501012500001,-6.328737114141667,1.25,0.7,0.55,3.5,35.0,20.0,15.6,21.8,53.7,68.3,82.5,63.9,75.2,83.0,55,60,0.8876473514,-7.852659832,118196.844,199888313632,5.913144288044958e-05
132,Thailand,2020,9.612818506333333,1.6089103143333328,0.50,1.1,-0.6,3.5,35.0,20.0,17.6,21.7,59.5,69.4,83.0,63.7,74.0,83.0,55,60,-9.178351921,-0.1701657955,53502.563,5364487230960,9.97347196414623e-07
133,Thailand,2021,12.510691867329166,-3.7609446908333335,0.50,0.7,-0.2,5.0,35.0,20.0,14.9,21.6,60.0,69.7,85.3,64.3,74.4,80.0,55,60,12.89843664,11.38407054,113064.24,17321689358183,6.527321767641961e-07
134,Thailand,2022,-8.3869924295,4.407347666616666,1.25,-0.8,2.05,6.7,35.0,20.0,15.8,22.8,44.2,63.2,63.4,59.6,74.2,71.6,55,60,-0.09698943224,3.765944604,98379.2,10964475110592,8.972540774429124e-07
135,Turkey,2014,-6.401481977191668,11.686318035525,7.50,8.9,-1.4,2.7,35.0,20.0,25.0,34.9,50.0,64.9,67.6,59.7,71.8,84.5,70,60,2.929206985,8.152169147,15.7981,287702640,5.491120971291748e-06
136,Turkey,2015,540.748000266,2.924822175499999,7.25,7.5,-0.25,2.7,35.0,20.0,27.7,37.6,45.0,63.2,61.0,50.2,72.4,84.6,75,60,21.87515743,25.71800765,2184.9232,383432300,0.0005698328492409
137,Turkey,2016,8.61657800825,2.913318099825,7.25,8.9,-1.65,2.8,35.0,20.0,29.3,38.5,40.0,62.1,65.4,48.6,71.5,84.4,75,60,-0.914280337,20.46204424,1461.3371,1028608400,0.0001420693336745
138,Turkey,2017,31.184952585,-0.6400572298333337,7.25,7.7,-0.45,2.8,35.0,20.0,28.7,37.0,61.3,65.2,64.3,48.5,72.2,79.4,75,60,-2.623029658,7.370364305,2611.8793,30386367280,8.59556285860835e-06
139,Turkey,2018,-4.640688924249999,5.169491592083333,22.50,7.8,14.7,3.2,35.0,20.0,30.0,32.6,54.7,65.4,63.3,47.6,72.3,78.6,75,60,1.81008068,39.64722211,48066.1322,66562087763,7.221247682486097e-05
140,Turkey,2019,7.548932063750001,-4.9658178936,10.50,11.1,-0.6,2.7,35.0,22.0,25.5,34.1,55.8,64.6,66.0,49.2,70.0,79.6,70,60,5.612997489,12.7588935,2065.446077,199888313632,1.0333000661572162e-06
141,Turkey,2020,9.62979158025,-2.1720346975833333,15.50,16.3,-0.8,3.5,35.0,22.0,24.9,34.6,57.4,64.4,67.0,49.2,66.1,78.0,70,60,21.78159418,23.98617119,191358.574,5364487230960,3.567136349875428e-06
142,Turkey,2021,12.214586612666666,-4.8733787842583345,12.50,15.2,-2.7,4.5,40.0,22.0,24.4,34.4,61.5,64.0,68.5,48.8,65.4,76.0,70,60,-17.68837862,80.24119893,532271.07,17321689358183,3.072858882257624e-06
143,Turkey,2022,-8.133668495,4.748991082334166,7.50,12.3,-4.8,4.7,40.0,20.0,23.1,34.7,42.0,56.9,63.4,47.1,61.9,75.6,70,60,9.336812034,40.7245026,444343.37,10964475110592,4.052573110141419e-06
144,United Kingdom,2014,-4.132643346916667,26.046880861,0.50,2.8,-2.3,1.1,50.0,24.0,35.5,48.5,90.0,74.9,92.0,73.1,73.5,87.8,90,80,-2.259631833,-6.006542705,134213.37,287702640,0.0466500307400724
145,United Kingdom,2015,1.0503838759166657,-3.532564495083333,0.50,2.6,-2.1,1.0,45.0,21.0,35.2,48.2,90.0,75.8,91.1,75.6,74.4,88.0,90,80,-4.665689378,-4.816234955,252734.81,383432300,0.0659138027756138
146,United Kingdom,2016,6.7638478885,-4.137667814325,0.25,1.5,-1.25,1.0,45.0,20.0,32.9,45.1,90.0,76.4,86.0,71.8,76.4,88.0,90,80,17.22191091,-17.08036464,210343.89,1028608400,0.020449365375589
147,United Kingdom,2017,27.603330781741665,-13.475857347083334,...,0.1,0.1,1.5,45.0,20.0,32.6,43.2,93.8,76.4,89.9,72.8,85.0,87.0,90,80,7.103747744,9.381712054,461637.59,30386367280,0.0015192259928479
148,United Kingdom,2018,-4.411316261916667,3.4904236978500003,...,0.6,0.6,1.6,45.0,20.0,32.5,43.0,92.2,78.0,91.1,74.4,85.2,86.9,90,80,-12.02913126,-5.559782209,441344.63,66562087763,0.0006630570717244
149,United Kingdom,2019,6.93052183675,-7.368408655333334,...,2.7,2.7,2.0,45.0,20.0,33.2,41.6,92.3,78.9,92.9,73.5,81.2,86.0,90,80,12.00142086,3.304481983,406042.04,199888313632,0.0002031344567484
150,United Kingdom,2020,10.215572574500001,-2.517554515416667,...,2.5,2.5,1.8,45.0,20.0,33.3,41.0,92.2,79.3,94.7,73.1,80.3,86.4,80,80,-15.0414875,3.947441866,621001.33,5364487230960,1.1576154500210616e-05
151,United Kingdom,2021,12.314244343833332,-4.787866678958333,...,1.8,1.8,3.0,45.0,19.0,33.5,38.8,87.6,78.4,94.4,73.2,81.0,84.0,80,80,12.36476681,-0.9705332996,1086916.72,17321689358183,6.274888652742904e-06
152,United Kingdom,2022,-8.393248435166667,4.0731014309999996,...,0.9,0.9,2.9,45.0,19.0,32.7,42.3,96.2,72.7,79.1,62.1,83.0,84.2,80,80,-0.7128390797,-10.68311094,788282.44,10964475110592,7.189422494456632e-06
153,United States,2014,-4.530593339283333,0.4415543497500007,0.13,2.1,-1.98,1.6,39.6,35.0,25.1,41.6,80.0,75.5,89.2,97.2,75.4,86.8,70,70,12.38659397,,4412021.29,287702640,1.5335352119118544
154,United States,2015,1.1902363031666672,-4.9392481757,0.38,1.5,-1.13,1.5,39.6,35.0,24.3,40.1,80.0,76.2,88.8,98.5,76.6,87.0,70,70,-0.6928388934,,27580837.2,383432300,7.193143926581041
155,United States,2016,6.829439974833332,-4.144988731425,0.63,1.6,-0.98,1.5,39.6,35.0,25.4,38.9,80.0,75.4,84.7,91.4,77.0,87.0,70,70,11.23736946,,19602509.25,1028608400,1.9057310099742528
156,United States,2017,27.368605039958336,-14.957948037741666,1.38,0.1,1.28,1.4,39.6,35.0,26.0,37.8,81.3,75.1,84.4,91.0,80.1,87.1,80,70,18.41502748,,37438756.99,30386367280,0.1232090583419025
157,United States,2018,-4.421080699,3.4882354092916663,2.38,1.3,1.08,1.6,39.6,35.0,26.4,38.1,79.3,75.7,82.7,91.4,78.6,86.7,85,80,-7.009394461,,33192346.38,66562087763,0.0498667447123716
158,United States,2019,6.926317804,-7.184731453,1.63,2.1,-0.48,1.7,37.0,21.0,26.0,37.8,79.3,76.8,83.8,89.4,76.6,86.6,85,80,28.7147959,,16814784.28,199888313632,0.0084120897187398
159,United States,2020,10.124350992583333,-2.7297903700000004,0.13,2.4,-2.28,2.6,37.0,21.0,27.1,38.1,81.8,76.6,83.3,87.9,75.5,79.8,85,80,15.29290654,,17259936.79,5364487230960,0.0003217443913443
160,United States,2021,12.397416939166668,-4.649794200683333,0.13,1.8,-1.68,2.3,37.0,21.0,24.3,35.5,79.7,74.8,82.5,87.1,81.1,80.4,85,80,28.79305802,,17703713.42,17321689358183,0.0001022054665334
161,United States,2022,-8.444300708166667,4.073243609083334,4.38,1.2,3.18,2.4,37.0,21.0,24.5,38.9,95.7,72.1,87.5,75.8,82.3,75.2,85,80,-19.95305066,,16138088.33,10964475110592,0.0001471852338322
