Currency,Date,Price ($)
ARS,2014-01-01,1083.003505
ARS,2014-02-01,1234.719902
ARS,2014-03-01,865.7873196
ARS,2014-04-01,529.8187603
ARS,2014-05-01,575.3118427
ARS,2014-06-01,888.4428066
ARS,2014-07-01,858.1998816
ARS,2014-08-01,869.574846
ARS,2014-09-01,817.3497732
ARS,2014-10-01,664.63306
ARS,2014-11-01,532.7576395
ARS,2014-12-01,556.3172718
ARS,2015-01-01,602.4106662
ARS,2015-02-01,365.1936795
ARS,2015-03-01,361.160048
ARS,2015-04-01,340.1021572
ARS,2015-05-01,314.0867097
ARS,2015-06-01,338.4690614
ARS,2015-07-01,378.4639073
ARS,2015-08-01,481.282785
ARS,2015-09-01,328.2424998
ARS,2015-10-01,402.2912997
ARS,2015-11-01,581.0728397
ARS,2015-12-01,574.2514571
ARS,2016-01-01,491.6522723
ARS,2016-02-01,419.883633
ARS,2016-03-01,475.8681628
ARS,2016-04-01,445.8173076
ARS,2016-05-01,475.3060464
ARS,2016-06-01,576.8306511
ARS,2016-07-01,799.1436344
ARS,2016-08-01,654.5624704
ARS,2016-09-01,582.6077234
ARS,2016-10-01,643.2935568
ARS,2016-11-01,768.664328
ARS,2016-12-01,774.029465
ARS,2017-01-01,1074.631435
ARS,2017-02-01,1072.677369
ARS,2017-03-01,1303.962151
ARS,2017-04-01,1183.032477
ARS,2017-05-01,1512.980674
ARS,2017-06-01,2858.860949
ARS,2017-07-01,2803.545426
ARS,2017-08-01,2999.241084
ARS,2017-09-01,5400.20481
ARS,2017-10-01,5267.179588
ARS,2017-11-01,7521.259082
ARS,2017-12-01,12200.45497
ARS,2018-01-01,17286.95445
ARS,2018-02-01,13612.54576
ARS,2018-03-01,13485.96972
ARS,2018-04-01,8723.777134
ARS,2018-05-01,10887.53689
ARS,2018-06-01,9265.010635
ARS,2018-07-01,6749.008408
ARS,2018-08-01,9545.995138
ARS,2018-09-01,7832.501411
ARS,2018-10-01,7425.791104
ARS,2018-11-01,7038.172769
ARS,2018-12-01,4476.789479
ARS,2019-01-01,3520.873807
ARS,2019-02-01,4627.695194
ARS,2019-03-01,3921.592031
ARS,2019-04-01,5208.195965
ARS,2019-05-01,5657.522134
ARS,2019-06-01,9276.186143
ARS,2019-07-01,11946.96284
ARS,2019-08-01,10794.55993
ARS,2019-09-01,11370.59975
ARS,2019-10-01,10148.02226
ARS,2019-11-01,11489.27318
ARS,2019-12-01,9077.509544
ARS,2020-01-01,10028.65765
ARS,2020-02-01,13216.9547
ARS,2020-03-01,11591.28236
ARS,2020-04-01,10389.25432
ARS,2020-05-01,15172.76159
ARS,2020-06-01,17134.61913
ARS,2020-07-01,15112.5211
ARS,2020-08-01,20495.7254
ARS,2020-09-01,20238.02063
ARS,2020-10-01,20036.20121
ARS,2020-11-01,29185.44064
ARS,2020-12-01,35846.92816
ARS,2021-01-01,56015.75875
ARS,2021-02-01,62016.20111
ARS,2021-03-01,85137.97772
ARS,2021-04-01,94856.34372
ARS,2021-05-01,98359.52238
ARS,2021-06-01,64095.11802
ARS,2021-07-01,60803.6498
ARS,2021-08-01,76508.49422
ARS,2021-09-01,86831.89152
ARS,2021-10-01,84192.45356
ARS,2021-11-01,125370.0829
ARS,2021-12-01,118232.6385
ARS,2022-01-01,95363.78431
ARS,2022-02-01,77666.00176
ARS,2022-03-01,80628.77091
ARS,2022-04-01,75531.79708
ARS,2022-05-01,67182.38356
ARS,2022-06-01,51736.12818
ARS,2022-07-01,37568.13823
ARS,2022-08-01,47962.33396
ARS,2022-09-01,41317.2664
ARS,2022-10-01,38363.01128
ARS,2022-11-01,38289.41405
ARS,2022-12-01,32674.78075
AUD,2014-01-01,782.759799
AUD,2014-02-01,853.2905815
AUD,2014-03-01,567.417974
AUD,2014-04-01,499.6326339
AUD,2014-05-01,467.916116
AUD,2014-06-01,649.2932934
AUD,2014-07-01,626.0203108
AUD,2014-08-01,626.055605
AUD,2014-09-01,509.89047
AUD,2014-10-01,509.7018879
AUD,2014-11-01,374.460034
AUD,2014-12-01,469.383928
AUD,2015-01-01,343.4214
AUD,2015-02-01,237.30945
AUD,2015-03-01,275.8174978
AUD,2015-04-01,255.5241975
AUD,2015-05-01,242.9350053
AUD,2015-06-01,242.845636
AUD,2015-07-01,259.84476
AUD,2015-08-01,329.1343862
AUD,2015-09-01,226.7058339
AUD,2015-10-01,238.4478075
AUD,2015-11-01,369.809945
AUD,2015-12-01,371.387009
AUD,2016-01-01,428.888587
AUD,2016-02-01,374.0004769
AUD,2016-03-01,437.2891776
AUD,2016-04-01,502.025752
AUD,2016-05-01,471.9607556
AUD,2016-06-01,534.9644057
AUD,2016-07-01,681.2797631
AUD,2016-08-01,619.0289803
AUD,2016-09-01,577.5068514
AUD,2016-10-01,616.6908
AUD,2016-11-01,714.5547954
AUD,2016-12-01,758.6153586
AUD,2017-01-01,972.5983045
AUD,2017-02-01,981.3367764
AUD,2017-03-01,1209.89976
AUD,2017-04-01,1082.519977
AUD,2017-05-01,1379.66919
AUD,2017-06-01,2467.30352
AUD,2017-07-01,2560.961212
AUD,2017-08-01,2918.708974
AUD,2017-09-01,4895.209157
AUD,2017-10-01,4333.34785
AUD,2017-11-01,6604.394578
AUD,2017-12-01,10631.61701
AUD,2018-01-01,14654.28148
AUD,2018-02-01,9407.842439
AUD,2018-03-01,10703.96307
AUD,2018-04-01,6776.445573
AUD,2018-05-01,9127.97723
AUD,2018-06-01,7634.720867
AUD,2018-07-01,6309.19935
AUD,2018-08-01,7730.609683
AUD,2018-09-01,7269.45784
AUD,2018-10-01,6589.53392
AUD,2018-11-01,6371.806241
AUD,2018-12-01,4078.922402
AUD,2019-01-01,3751.897568
AUD,2019-02-01,3452.023451
AUD,2019-03-01,3817.051996
AUD,2019-04-01,4094.158408
AUD,2019-05-01,5296.129258
AUD,2019-06-01,8571.95835
AUD,2019-07-01,10528.2445
AUD,2019-08-01,10146.74015
AUD,2019-09-01,9705.917
AUD,2019-10-01,8371.506372
AUD,2019-11-01,9199.706127
AUD,2019-12-01,7484.206086
AUD,2020-01-01,7292.065712
AUD,2020-02-01,9361.343599
AUD,2020-03-01,8620.291186
AUD,2020-04-01,6462.466052
AUD,2020-05-01,8804.619943
AUD,2020-06-01,9912.272792
AUD,2020-07-01,9215.417068
AUD,2020-08-01,11591.02523
AUD,2020-09-01,11863.24049
AUD,2020-10-01,10710.76084
AUD,2020-11-01,13763.93114
AUD,2020-12-01,19121.3897
AUD,2021-01-01,29134.74817
AUD,2021-02-01,33628.03184
AUD,2021-03-01,47760.21829
AUD,2021-04-01,58902.59232
AUD,2021-05-01,57873.71433
AUD,2021-06-01,36854.49309
AUD,2021-07-01,33825.92084
AUD,2021-08-01,41038.23407
AUD,2021-09-01,47947.97605
AUD,2021-10-01,45641.20544
AUD,2021-11-01,61159.01804
AUD,2021-12-01,57521.37821
AUD,2022-01-01,47088.48537
AUD,2022-02-01,38894.23152
AUD,2022-03-01,43760.51685
AUD,2022-04-01,45564.27895
AUD,2022-05-01,38056.25082
AUD,2022-06-01,30588.45599
AUD,2022-07-01,19828.46867
AUD,2022-08-01,23225.16941
AUD,2022-09-01,19879.23001
AUD,2022-10-01,19240.64118
AUD,2022-11-01,20379.08145
AUD,2022-12-01,17093.22843
BRL,2014-01-01,788.09913
BRL,2014-02-01,771.8397372
BRL,2014-03-01,595.928445
BRL,2014-04-01,555.19314
BRL,2014-05-01,489.8372114
BRL,2014-06-01,689.7299524
BRL,2014-07-01,682.7166
BRL,2014-08-01,660.83485
BRL,2014-09-01,529.49832
BRL,2014-10-01,408.45339
BRL,2014-11-01,364.21172
BRL,2014-12-01,400.97101
BRL,2015-01-01,337.0901471
BRL,2015-02-01,276.0359861
BRL,2015-03-01,310.7102394
BRL,2015-04-01,262.15557
BRL,2015-05-01,245.774925
BRL,2015-06-01,236.1491834
BRL,2015-07-01,264.7085298
BRL,2015-08-01,371.2503306
BRL,2015-09-01,238.471765
BRL,2015-10-01,247.6449675
BRL,2015-11-01,420.6002452
BRL,2015-12-01,379.80343
BRL,2016-01-01,452.4103424
BRL,2016-02-01,420.4620294
BRL,2016-03-01,465.4204965
BRL,2016-04-01,483.3372
BRL,2016-05-01,491.6074081
BRL,2016-06-01,566.70406
BRL,2016-07-01,694.6961868
BRL,2016-08-01,595.9874135
BRL,2016-09-01,581.9980188
BRL,2016-10-01,613.11647
BRL,2016-11-01,762.7113
BRL,2016-12-01,725.61789
BRL,2017-01-01,1080.910498
BRL,2017-02-01,941.753354
BRL,2017-03-01,1226.55025
BRL,2017-04-01,1085.814016
BRL,2017-05-01,1441.902504
BRL,2017-06-01,2885.73375
BRL,2017-07-01,2685.97592
BRL,2017-08-01,2814.423223
BRL,2017-09-01,5816.72718
BRL,2017-10-01,4516.06809
BRL,2017-11-01,7003.35155
BRL,2017-12-01,11967.44534
BRL,2018-01-01,14586.88015
BRL,2018-02-01,9358.133
BRL,2018-03-01,10913.72362
BRL,2018-04-01,7170.33563
BRL,2018-05-01,9249.452246
BRL,2018-06-01,7531.986084
BRL,2018-07-01,6345.143565
BRL,2018-08-01,7756.059616
BRL,2018-09-01,7164.337625
BRL,2018-10-01,6690.973187
BRL,2018-11-01,6246.702
BRL,2018-12-01,4143.296475
BRL,2019-01-01,3861.16845
BRL,2019-02-01,3460.420535
BRL,2019-03-01,3889.10475
BRL,2019-04-01,4246.93806
BRL,2019-05-01,5412.696854
BRL,2019-06-01,8782.410171
BRL,2019-07-01,10721.94005
BRL,2019-08-01,10129.56
BRL,2019-09-01,9766.89342
BRL,2019-10-01,8598.46974
BRL,2019-11-01,9272.381432
BRL,2019-12-01,7559.343152
BRL,2020-01-01,7274.186853
BRL,2020-02-01,9329.248346
BRL,2020-03-01,8613.123999
BRL,2020-04-01,6255.714195
BRL,2020-05-01,8671.932636
BRL,2020-06-01,9851.570116
BRL,2020-07-01,9418.427823
BRL,2020-08-01,11578.9387
BRL,2020-09-01,11979.89016
BRL,2020-10-01,10748.44883
BRL,2020-11-01,13854.27063
BRL,2020-12-01,19429.68717
BRL,2021-01-01,29386.14417
BRL,2021-02-01,33806.11867
BRL,2021-03-01,47702.70283
BRL,2021-04-01,58681.83077
BRL,2021-05-01,58269.2076
BRL,2021-06-01,37265.55201
BRL,2021-07-01,33867.79802
BRL,2021-08-01,41002.59261
BRL,2021-09-01,47927.16301
BRL,2021-10-01,46109.64625
BRL,2021-11-01,61188.80502
BRL,2021-12-01,57519.74733
BRL,2022-01-01,47617.2273
BRL,2022-02-01,39097.93235
BRL,2022-03-01,43798.13294
BRL,2022-04-01,46495.99267
BRL,2022-05-01,38365.21807
BRL,2022-06-01,30517.39195
BRL,2022-07-01,19650.94414
BRL,2022-08-01,23255.38541
BRL,2022-09-01,19824.33716
BRL,2022-10-01,19241.08667
BRL,2022-11-01,20692.74064
BRL,2022-12-01,17228.40828
CAD,2014-01-01,889.8900381
CAD,2014-02-01,853.9218864
CAD,2014-03-01,578.3382203
CAD,2014-04-01,713.4651108
CAD,2014-05-01,469.7775327
CAD,2014-06-01,656.810559
CAD,2014-07-01,662.2087072
CAD,2014-08-01,709.4987675
CAD,2014-09-01,577.5400855
CAD,2014-10-01,504.0067064
CAD,2014-11-01,401.9434854
CAD,2014-12-01,531.7152974
CAD,2015-01-01,329.9761052
CAD,2015-02-01,229.6363695
CAD,2015-03-01,244.8700029
CAD,2015-04-01,262.6136414
CAD,2015-05-01,279.1320729
CAD,2015-06-01,257.079633
CAD,2015-07-01,259.2034161
CAD,2015-08-01,301.039116
CAD,2015-09-01,228.3454675
CAD,2015-10-01,238.89347
CAD,2015-11-01,333.2241175
CAD,2015-12-01,368.583024
CAD,2016-01-01,433.128616
CAD,2016-02-01,372.884577
CAD,2016-03-01,435.5729183
CAD,2016-04-01,416.873718
CAD,2016-05-01,455.2061427
CAD,2016-06-01,532.5414387
CAD,2016-07-01,678.4540661
CAD,2016-08-01,847.3618707
CAD,2016-09-01,567.0251438
CAD,2016-10-01,609.48469
CAD,2016-11-01,713.188932
CAD,2016-12-01,750.360875
CAD,2017-01-01,993.2428501
CAD,2017-02-01,983.90223
CAD,2017-03-01,1208.61518
CAD,2017-04-01,1093.576737
CAD,2017-05-01,1397.6378
CAD,2017-06-01,2520.088607
CAD,2017-07-01,2570.221475
CAD,2017-08-01,2898.965396
CAD,2017-09-01,4907.21196
CAD,2017-10-01,4381.264675
CAD,2017-11-01,6698.238964
CAD,2017-12-01,10464.87867
CAD,2018-01-01,14179.81952
CAD,2018-02-01,9192.756101
CAD,2018-03-01,10345.29814
CAD,2018-04-01,6955.440408
CAD,2018-05-01,9241.896537
CAD,2018-06-01,7727.852465
CAD,2018-07-01,6313.106988
CAD,2018-08-01,7850.31138
CAD,2018-09-01,7417.601894
CAD,2018-10-01,6905.176937
CAD,2018-11-01,6584.014259
CAD,2018-12-01,4309.526852
CAD,2019-01-01,4027.240851
CAD,2019-02-01,3369.182971
CAD,2019-03-01,3815.456351
CAD,2019-04-01,4024.824
CAD,2019-05-01,5180.532084
CAD,2019-06-01,8013.523562
CAD,2019-07-01,9829.6065
CAD,2019-08-01,10160.34357
CAD,2019-09-01,9694.57203
CAD,2019-10-01,8378.059261
CAD,2019-11-01,9209.087323
CAD,2019-12-01,7443.276141
CAD,2020-01-01,7207.55424
CAD,2020-02-01,9234.708765
CAD,2020-03-01,8561.172713
CAD,2020-04-01,6465.16329
CAD,2020-05-01,8730.58277
CAD,2020-06-01,9969.371645
CAD,2020-07-01,9219.638922
CAD,2020-08-01,11700.25741
CAD,2020-09-01,11896.40373
CAD,2020-10-01,10709.93964
CAD,2020-11-01,13732.1417
CAD,2020-12-01,19067.77535
CAD,2021-01-01,28740.86084
CAD,2021-02-01,33395.42192
CAD,2021-03-01,47637.7598
CAD,2021-04-01,58823.42933
CAD,2021-05-01,57809.29844
CAD,2021-06-01,36721.77451
CAD,2021-07-01,33830.95949
CAD,2021-08-01,41044.01014
CAD,2021-09-01,47783.9196
CAD,2021-10-01,45627.11433
CAD,2021-11-01,61024.94477
CAD,2021-12-01,57590.26691
CAD,2022-01-01,47172.29395
CAD,2022-02-01,38617.34414
CAD,2022-03-01,43727.83134
CAD,2022-04-01,45398.56473
CAD,2022-05-01,37945.76524
CAD,2022-06-01,30613.36201
CAD,2022-07-01,19860.16047
CAD,2022-08-01,23202.09879
CAD,2022-09-01,19889.62625
CAD,2022-10-01,19293.60212
CAD,2022-11-01,20424.04938
CAD,2022-12-01,17059.75588
COP,2014-01-01,620.5933164
COP,2014-02-01,828.4226748
COP,2014-03-01,584.7367416
COP,2014-04-01,494.0791075
COP,2014-05-01,472.551794
COP,2014-06-01,563.904294
COP,2014-07-01,648.844378
COP,2014-08-01,588.6892076
COP,2014-09-01,467.167469
COP,2014-10-01,398.202643
COP,2014-11-01,341.0595576
COP,2014-12-01,367.6423146
COP,2015-01-01,321.393791
COP,2015-02-01,221.1659884
COP,2015-03-01,239.8047347
COP,2015-04-01,238.5875486
COP,2015-05-01,232.7959193
COP,2015-06-01,218.0738547
COP,2015-07-01,243.0296715
COP,2015-08-01,325.8473341
COP,2015-09-01,218.4002208
COP,2015-10-01,212.4050912
COP,2015-11-01,337.4290484
COP,2015-12-01,338.0282331
COP,2016-01-01,387.1473967
COP,2016-02-01,367.00677
COP,2016-03-01,411.7767885
COP,2016-04-01,408.0220931
COP,2016-05-01,411.0605542
COP,2016-06-01,479.75392
COP,2016-07-01,670.1381181
COP,2016-08-01,593.9792336
COP,2016-09-01,551.2650825
COP,2016-10-01,553.812451
COP,2016-11-01,710.7778343
COP,2016-12-01,717.0265072
COP,2017-01-01,989.4457782
COP,2017-02-01,928.6761717
COP,2017-03-01,1224.580887
COP,2017-04-01,1036.878892
COP,2017-05-01,1300.077766
COP,2017-06-01,2632.731923
COP,2017-07-01,1721.501746
COP,2017-08-01,2483.5119
COP,2017-09-01,4370.969161
COP,2017-10-01,3907.202165
COP,2017-11-01,5790.40125
COP,2017-12-01,10145.87052
COP,2018-01-01,15421.76922
COP,2018-02-01,9603.26868
COP,2018-03-01,10115.69317
COP,2018-04-01,6870.498576
COP,2018-05-01,8109.701994
COP,2018-06-01,6900.326755
COP,2018-07-01,5816.771053
COP,2018-08-01,7341.323255
COP,2018-09-01,6893.197448
COP,2018-10-01,5971.272423
COP,2018-11-01,5770.262665
COP,2018-12-01,3720.538195
COP,2019-01-01,3529.086233
COP,2019-02-01,3188.742201
COP,2019-03-01,3490.451565
COP,2019-04-01,3643.145619
COP,2019-05-01,4736.488778
COP,2019-06-01,8477.48399
COP,2019-07-01,10715.71747
COP,2019-08-01,9641.511765
COP,2019-09-01,9218.413514
COP,2019-10-01,8513.017701
COP,2019-11-01,8690.213916
COP,2019-12-01,6985.67557
COP,2020-01-01,7241.385173
COP,2020-02-01,9135.818503
COP,2020-03-01,8010.375678
COP,2020-04-01,6598.365575
COP,2020-05-01,8748.950007
COP,2020-06-01,8719.827817
COP,2020-07-01,9933.176331
COP,2020-08-01,10930.35291
COP,2020-09-01,11054.66816
COP,2020-10-01,10737.84453
COP,2020-11-01,12871.70166
COP,2020-12-01,18187.54687
COP,2021-01-01,27236.17914
COP,2021-02-01,32731.20272
COP,2021-03-01,45462.11093
COP,2021-04-01,57505.69928
COP,2021-05-01,54360.57966
COP,2021-06-01,35905.84286
COP,2021-07-01,32397.61371
COP,2021-08-01,41689.26322
COP,2021-09-01,53034.40286
COP,2021-10-01,45079.4578
COP,2021-11-01,61158.03394
COP,2021-12-01,56433.38678
COP,2022-01-01,52320.22339
COP,2022-02-01,39155.76134
COP,2022-03-01,42229.74451
COP,2022-04-01,44248.88788
COP,2022-05-01,37299.95528
COP,2022-06-01,30508.6524
COP,2022-07-01,19231.69997
COP,2022-08-01,23083.88961
COP,2022-09-01,19264.32351
COP,2022-10-01,19277.76115
COP,2022-11-01,19275.70466
COP,2022-12-01,17758.73308
CZK,2014-01-01,760.2573024
CZK,2014-02-01,853.8649108
CZK,2014-03-01,582.8497668
CZK,2014-04-01,516.7497458
CZK,2014-05-01,452.140526
CZK,2014-06-01,630.9553305
CZK,2014-07-01,635.6845175
CZK,2014-08-01,598.8117395
CZK,2014-09-01,497.9183087
CZK,2014-10-01,403.5250268
CZK,2014-11-01,356.472768
CZK,2014-12-01,410.0683294
CZK,2015-01-01,301.06454
CZK,2015-02-01,239.044938
CZK,2015-03-01,244.9264983
CZK,2015-04-01,253.888783
CZK,2015-05-01,229.4099752
CZK,2015-06-01,235.2195378
CZK,2015-07-01,125.5284791
CZK,2015-08-01,295.9023218
CZK,2015-09-01,228.560375
CZK,2015-10-01,247.80461
CZK,2015-11-01,316.2302474
CZK,2015-12-01,364.9752219
CZK,2016-01-01,428.6970063
CZK,2016-02-01,375.9261408
CZK,2016-03-01,411.1028981
CZK,2016-04-01,422.5697982
CZK,2016-05-01,435.9055259
CZK,2016-06-01,546.1988273
CZK,2016-07-01,687.4351848
CZK,2016-08-01,620.9268921
CZK,2016-09-01,569.0289955
CZK,2016-10-01,613.460926
CZK,2016-11-01,720.1723125
CZK,2016-12-01,748.8342303
CZK,2017-01-01,968.7427828
CZK,2017-02-01,974.3304422
CZK,2017-03-01,1188.354376
CZK,2017-04-01,1073.869617
CZK,2017-05-01,1377.552119
CZK,2017-06-01,2413.473019
CZK,2017-07-01,2685.969014
CZK,2017-08-01,2835.193032
CZK,2017-09-01,4851.716882
CZK,2017-10-01,4681.226666
CZK,2017-11-01,6426.033294
CZK,2017-12-01,10202.34105
CZK,2018-01-01,16728.26827
CZK,2018-02-01,11665.44086
CZK,2018-03-01,10488.12426
CZK,2018-04-01,6521.518662
CZK,2018-05-01,8841.654404
CZK,2018-06-01,7203.035726
CZK,2018-07-01,7511.137583
CZK,2018-08-01,7943.122213
CZK,2018-09-01,6987.509832
CZK,2018-10-01,6721.115111
CZK,2018-11-01,6413.134235
CZK,2018-12-01,4312.196755
CZK,2019-01-01,3750.444024
CZK,2019-02-01,3424.22219
CZK,2019-03-01,3814.429952
CZK,2019-04-01,4116.308099
CZK,2019-05-01,5291.622681
CZK,2019-06-01,8564.673545
CZK,2019-07-01,10605.59523
CZK,2019-08-01,10173.7119
CZK,2019-09-01,9695.219422
CZK,2019-10-01,8435.561978
CZK,2019-11-01,9191.513395
CZK,2019-12-01,7421.615467
CZK,2020-01-01,7254.796405
CZK,2020-02-01,9373.860095
CZK,2020-03-01,8589.176435
CZK,2020-04-01,6432.072652
CZK,2020-05-01,8813.61647
CZK,2020-06-01,9701.605854
CZK,2020-07-01,9226.527049
CZK,2020-08-01,11099.89998
CZK,2020-09-01,11788.42372
CZK,2020-10-01,10773.37627
CZK,2020-11-01,13655.08659
CZK,2020-12-01,18812.72439
CZK,2021-01-01,28621.17795
CZK,2021-02-01,33396.23093
CZK,2021-03-01,47848.45314
CZK,2021-04-01,58798.98413
CZK,2021-05-01,57968.9892
CZK,2021-06-01,37206.46187
CZK,2021-07-01,33774.96148
CZK,2021-08-01,40728.15969
CZK,2021-09-01,47925.49546
CZK,2021-10-01,45374.67565
CZK,2021-11-01,61421.8204
CZK,2021-12-01,57801.81399
CZK,2022-01-01,47102.39309
CZK,2022-02-01,38946.38256
CZK,2022-03-01,42930.98963
CZK,2022-04-01,45466.78747
CZK,2022-05-01,38203.28265
CZK,2022-06-01,30739.92941
CZK,2022-07-01,19873.39408
CZK,2022-08-01,23203.36382
CZK,2022-09-01,19922.78519
CZK,2022-10-01,19392.14751
CZK,2022-11-01,20439.0684
CZK,2022-12-01,17117.348
IDR,2014-01-01,610.5139691
IDR,2014-02-01,786.0506847
IDR,2014-03-01,668.825
IDR,2014-04-01,718.3036937
IDR,2014-05-01,700.4878186
IDR,2014-06-01,559.1434907
IDR,2014-07-01,659.7423794
IDR,2014-08-01,662.1014106
IDR,2014-09-01,670.7511915
IDR,2014-10-01,406.1403154
IDR,2014-11-01,325.8978136
IDR,2014-12-01,375.9527303
IDR,2015-01-01,316.1876963
IDR,2015-02-01,252.7811716
IDR,2015-03-01,244.7740027
IDR,2015-04-01,275.507248
IDR,2015-05-01,195.1272053
IDR,2015-06-01,286.527514
IDR,2015-07-01,251.680305
IDR,2015-08-01,305.6915855
IDR,2015-09-01,228.42
IDR,2015-10-01,236.4349662
IDR,2015-11-01,327.6480021
IDR,2015-12-01,368.9718157
IDR,2016-01-01,433.6020134
IDR,2016-02-01,378.1813822
IDR,2016-03-01,443.9479838
IDR,2016-04-01,424.9910412
IDR,2016-05-01,455.1418681
IDR,2016-06-01,539.6193007
IDR,2016-07-01,681.1048071
IDR,2016-08-01,619.1029988
IDR,2016-09-01,572.3670592
IDR,2016-10-01,613.0856233
IDR,2016-11-01,731.1078164
IDR,2016-12-01,767.604916
IDR,2017-01-01,969.3317162
IDR,2017-02-01,965.2060846
IDR,2017-03-01,1202.469172
IDR,2017-04-01,1065.591592
IDR,2017-05-01,1360.039856
IDR,2017-06-01,2648.611166
IDR,2017-07-01,2648.8521
IDR,2017-08-01,2803.880678
IDR,2017-09-01,4750.217904
IDR,2017-10-01,4311.491251
IDR,2017-11-01,6527.284948
IDR,2017-12-01,10280.01623
IDR,2018-01-01,14988.29345
IDR,2018-02-01,9446.580102
IDR,2018-03-01,10815.34297
IDR,2018-04-01,6883.141742
IDR,2018-05-01,9055.957593
IDR,2018-06-01,7639.218
IDR,2018-07-01,6335.9205
IDR,2018-08-01,7717.983624
IDR,2018-09-01,6972.204
IDR,2018-10-01,6654.443589
IDR,2018-11-01,6404.463896
IDR,2018-12-01,4162.253953
IDR,2019-01-01,3798.355
IDR,2019-02-01,3463.8192
IDR,2019-03-01,3835.281956
IDR,2019-04-01,4113.8985
IDR,2019-05-01,5324.401698
IDR,2019-06-01,8613.725102
IDR,2019-07-01,11182.608
IDR,2019-08-01,10080.79853
IDR,2019-09-01,9865.54777
IDR,2019-10-01,8361.325805
IDR,2019-11-01,9074.19184
IDR,2019-12-01,7380.259415
IDR,2020-01-01,7172.943237
IDR,2020-02-01,9446.247494
IDR,2020-03-01,8851.827631
IDR,2020-04-01,6488.4469
IDR,2020-05-01,8925.699381
IDR,2020-06-01,9730.241703
IDR,2020-07-01,9293.950356
IDR,2020-08-01,11503.25925
IDR,2020-09-01,11683.72767
IDR,2020-10-01,10713.67599
IDR,2020-11-01,13596.33486
IDR,2020-12-01,18816.79383
IDR,2021-01-01,28439.86135
IDR,2021-02-01,33394.67056
IDR,2021-03-01,48149.72808
IDR,2021-04-01,58553.59202
IDR,2021-05-01,57963.5696
IDR,2021-06-01,37566.72313
IDR,2021-07-01,33553.21198
IDR,2021-08-01,41119.58734
IDR,2021-09-01,47851.76141
IDR,2021-10-01,45625.9408
IDR,2021-11-01,60686.29599
IDR,2021-12-01,57563.01214
IDR,2022-01-01,47605.26044
IDR,2022-02-01,38629.59047
IDR,2022-03-01,43348.17414
IDR,2022-04-01,45464.94917
IDR,2022-05-01,38452.66472
IDR,2022-06-01,31056.545
IDR,2022-07-01,19890.56535
IDR,2022-08-01,23323.41981
IDR,2022-09-01,20003.40066
IDR,2022-10-01,19306.47478
IDR,2022-11-01,20388.85714
IDR,2022-12-01,17292.81468
ILS,2014-01-01,735.49792
ILS,2014-02-01,803.6351
ILS,2014-03-01,581.328864
ILS,2014-04-01,501.1989
ILS,2014-05-01,452.6202926
ILS,2014-06-01,628.28754
ILS,2014-07-01,614.92635
ILS,2014-08-01,570.053295
ILS,2014-09-01,490.016525
ILS,2014-10-01,390.9049042
ILS,2014-11-01,357.2294603
ILS,2014-12-01,383.5505243
ILS,2015-01-01,309.9391345
ILS,2015-02-01,229.4927787
ILS,2015-03-01,251.8192482
ILS,2015-04-01,245.7954752
ILS,2015-05-01,231.336795
ILS,2015-06-01,231.49056
ILS,2015-07-01,255.8129844
ILS,2015-08-01,281.3706016
ILS,2015-09-01,230.095755
ILS,2015-10-01,220.9998336
ILS,2015-11-01,316.7345854
ILS,2015-12-01,359.8017
ILS,2016-01-01,426.5601313
ILS,2016-02-01,384.2104
ILS,2016-03-01,436.22766
ILS,2016-04-01,423.3179363
ILS,2016-05-01,450.9086568
ILS,2016-06-01,540.5164155
ILS,2016-07-01,679.0320191
ILS,2016-08-01,616.512645
ILS,2016-09-01,585.6942
ILS,2016-10-01,611.6243611
ILS,2016-11-01,732.17408
ILS,2016-12-01,756.869316
ILS,2017-01-01,986.2755596
ILS,2017-02-01,967.9968
ILS,2017-03-01,1170.522184
ILS,2017-04-01,1008.752327
ILS,2017-05-01,1326.245835
ILS,2017-06-01,2427.606573
ILS,2017-07-01,2430.474537
ILS,2017-08-01,2604.53535
ILS,2017-09-01,5003.447235
ILS,2017-10-01,4454.148255
ILS,2017-11-01,6538.024763
ILS,2017-12-01,10321.56625
ILS,2018-01-01,15118.47031
ILS,2018-02-01,8584.60759
ILS,2018-03-01,10495.19625
ILS,2018-04-01,6829.169916
ILS,2018-05-01,8778.606008
ILS,2018-06-01,7598.85726
ILS,2018-07-01,6234.536555
ILS,2018-08-01,7365.094029
ILS,2018-09-01,7147.642358
ILS,2018-10-01,6373.75929
ILS,2018-11-01,6069.255037
ILS,2018-12-01,4238.943595
ILS,2019-01-01,3761.813256
ILS,2019-02-01,3439.185081
ILS,2019-03-01,3838.33923
ILS,2019-04-01,4162.872596
ILS,2019-05-01,5352.305904
ILS,2019-06-01,8399.491341
ILS,2019-07-01,10457.45922
ILS,2019-08-01,10294.797
ILS,2019-09-01,9830.6475
ILS,2019-10-01,8271.286905
ILS,2019-11-01,8997.195427
ILS,2019-12-01,7350.716399
ILS,2020-01-01,7085.533759
ILS,2020-02-01,9251.919545
ILS,2020-03-01,8532.512306
ILS,2020-04-01,6410.966875
ILS,2020-05-01,8777.030302
ILS,2020-06-01,9578.104946
ILS,2020-07-01,9415.924199
ILS,2020-08-01,10972.05334
ILS,2020-09-01,12012.93041
ILS,2020-10-01,10902.49016
ILS,2020-11-01,14380.54336
ILS,2020-12-01,19288.16754
ILS,2021-01-01,27722.94017
ILS,2021-02-01,35034.53894
ILS,2021-03-01,47799.40216
ILS,2021-04-01,58291.38432
ILS,2021-05-01,55907.4292
ILS,2021-06-01,38839.56707
ILS,2021-07-01,35038.78604
ILS,2021-08-01,42569.94831
ILS,2021-09-01,47219.78491
ILS,2021-10-01,46974.378
ILS,2021-11-01,62654.04585
ILS,2021-12-01,60711.12693
ILS,2022-01-01,50185.02608
ILS,2022-02-01,41725.21048
ILS,2022-03-01,45182.92433
ILS,2022-04-01,46134.84504
ILS,2022-05-01,38980.37338
ILS,2022-06-01,31118.3496
ILS,2022-07-01,20043.55565
ILS,2022-08-01,24475.27233
ILS,2022-09-01,20543.00869
ILS,2022-10-01,20050.69097
ILS,2022-11-01,21273.71914
ILS,2022-12-01,17679.49042
JPY,2014-01-01,788.9783147
JPY,2014-02-01,934.589397
JPY,2014-03-01,842.2833477
JPY,2014-04-01,847.5772824
JPY,2014-05-01,506.7575898
JPY,2014-06-01,886.4959828
JPY,2014-07-01,684.7070585
JPY,2014-08-01,591.6774358
JPY,2014-09-01,498.5647116
JPY,2014-10-01,394.111127
JPY,2014-11-01,333.310874
JPY,2014-12-01,390.3142035
JPY,2015-01-01,322.6503155
JPY,2015-02-01,227.8778838
JPY,2015-03-01,250.157049
JPY,2015-04-01,249.9765818
JPY,2015-05-01,236.3303904
JPY,2015-06-01,228.5442689
JPY,2015-07-01,260.1253446
JPY,2015-08-01,281.691191
JPY,2015-09-01,234.6938258
JPY,2015-10-01,239.9223462
JPY,2015-11-01,316.2870299
JPY,2015-12-01,368.1116988
JPY,2016-01-01,431.4405744
JPY,2016-02-01,373.7591097
JPY,2016-03-01,435.0932625
JPY,2016-04-01,424.8369664
JPY,2016-05-01,452.5276063
JPY,2016-06-01,540.8550743
JPY,2016-07-01,686.576085
JPY,2016-08-01,617.7349625
JPY,2016-09-01,573.818821
JPY,2016-10-01,613.9860017
JPY,2016-11-01,733.1727029
JPY,2016-12-01,763.2684317
JPY,2017-01-01,1000.944511
JPY,2017-02-01,995.8354762
JPY,2017-03-01,1251.608214
JPY,2017-04-01,1111.561866
JPY,2017-05-01,1457.976459
JPY,2017-06-01,2468.20352
JPY,2017-07-01,2498.770942
JPY,2017-08-01,2691.847193
JPY,2017-09-01,4923.321257
JPY,2017-10-01,4337.605574
JPY,2017-11-01,6481.481957
JPY,2017-12-01,10805.01962
JPY,2018-01-01,15915.83103
JPY,2018-02-01,9481.488054
JPY,2018-03-01,11409.0607
JPY,2018-04-01,6755.76814
JPY,2018-05-01,9365.938036
JPY,2018-06-01,7741.478375
JPY,2018-07-01,6502.635199
JPY,2018-08-01,7601.723496
JPY,2018-09-01,7110.216137
JPY,2018-10-01,6542.822284
JPY,2018-11-01,6311.272061
JPY,2018-12-01,4095.977051
JPY,2019-01-01,3744.548143
JPY,2019-02-01,3405.645789
JPY,2019-03-01,3811.55078
JPY,2019-04-01,4088.36297
JPY,2019-05-01,5308.19236
JPY,2019-06-01,8537.432062
JPY,2019-07-01,10668.04068
JPY,2019-08-01,8805.077352
JPY,2019-09-01,9687.839547
JPY,2019-10-01,8393.65379
JPY,2019-11-01,9165.244811
JPY,2019-12-01,7398.161278
JPY,2020-01-01,7199.60513
JPY,2020-02-01,9378.181452
JPY,2020-03-01,8633.454369
JPY,2020-04-01,6441.742401
JPY,2020-05-01,8866.795532
JPY,2020-06-01,9865.314666
JPY,2020-07-01,9233.326128
JPY,2020-08-01,11567.66557
JPY,2020-09-01,11823.48485
JPY,2020-10-01,10695.3069
JPY,2020-11-01,13784.46139
JPY,2020-12-01,19039.95133
JPY,2021-01-01,28995.0261
JPY,2021-02-01,33267.48812
JPY,2021-03-01,47385.25095
JPY,2021-04-01,58753.25542
JPY,2021-05-01,57903.73121
JPY,2021-06-01,36843.7927
JPY,2021-07-01,33877.98595
JPY,2021-08-01,41047.53383
JPY,2021-09-01,47759.52839
JPY,2021-10-01,45893.61956
JPY,2021-11-01,61113.9163
JPY,2021-12-01,57865.10243
JPY,2022-01-01,47062.4812
JPY,2022-02-01,38651.42111
JPY,2022-03-01,43901.58645
JPY,2022-04-01,45569.45641
JPY,2022-05-01,38044.82968
JPY,2022-06-01,30511.2293
JPY,2022-07-01,19944.95061
JPY,2022-08-01,23303.62869
JPY,2022-09-01,19883.58717
JPY,2022-10-01,19337.08082
JPY,2022-11-01,20503.73541
JPY,2022-12-01,17266.00075
MYR,2014-01-01,740.2868233
MYR,2014-02-01,787.904712
MYR,2014-03-01,569.6805
MYR,2014-04-01,493.1101475
MYR,2014-05-01,516.4007478
MYR,2014-06-01,600.8387193
MYR,2014-07-01,633.1789872
MYR,2014-08-01,705.50919
MYR,2014-09-01,521.7541205
MYR,2014-10-01,390.9931239
MYR,2014-11-01,355.39405
MYR,2014-12-01,357.6875
MYR,2015-01-01,315.1956159
MYR,2015-02-01,217.81256
MYR,2015-03-01,226.977025
MYR,2015-04-01,253.011225
MYR,2015-05-01,236.17799
MYR,2015-06-01,237.931135
MYR,2015-07-01,274.34088
MYR,2015-08-01,316.510802
MYR,2015-09-01,230.25816
MYR,2015-10-01,232.100775
MYR,2015-11-01,367.2821114
MYR,2015-12-01,361.6155
MYR,2016-01-01,423.351705
MYR,2016-02-01,371.492625
MYR,2016-03-01,434.764375
MYR,2016-04-01,428.28279
MYR,2016-05-01,460.21968
MYR,2016-06-01,549.742905
MYR,2016-07-01,679.55964
MYR,2016-08-01,615.415255
MYR,2016-09-01,572.14812
MYR,2016-10-01,600.4328
MYR,2016-11-01,716.69432
MYR,2016-12-01,669.0805
MYR,2017-01-01,651.772145
MYR,2017-02-01,663.264
MYR,2017-03-01,1206.4779
MYR,2017-04-01,1084.5966
MYR,2017-05-01,1350.174975
MYR,2017-06-01,2576.224095
MYR,2017-07-01,2800.990077
MYR,2017-08-01,2762.941744
MYR,2017-09-01,4856.480566
MYR,2017-10-01,4610.96144
MYR,2017-11-01,6460.832618
MYR,2017-12-01,10985.79762
MYR,2018-01-01,15848.33151
MYR,2018-02-01,12077.70217
MYR,2018-03-01,11832.41736
MYR,2018-04-01,7659.97919
MYR,2018-05-01,9265.60014
MYR,2018-06-01,7372.474206
MYR,2018-07-01,5836.810503
MYR,2018-08-01,6861.657293
MYR,2018-09-01,5999.310149
MYR,2018-10-01,5910.483466
MYR,2018-11-01,5303.512367
MYR,2018-12-01,3762.207417
MYR,2019-01-01,1495.48221
MYR,2019-02-01,1496.81658
MYR,2019-03-01,1490.01294
MYR,2019-04-01,1456.48676
MYR,2019-05-01,1576.238485
MYR,2019-06-01,2182.374675
MYR,2019-07-01,2515.2036
MYR,2019-08-01,2163.953715
MYR,2019-09-01,2421.07632
MYR,2019-10-01,6795.336562
MYR,2019-11-01,9141.151895
MYR,2019-12-01,7772.857578
MYR,2020-01-01,7368.737773
MYR,2020-02-01,9272.862098
MYR,2020-03-01,8699.065972
MYR,2020-04-01,6496.125165
MYR,2020-05-01,8965.334522
MYR,2020-06-01,9671.602277
MYR,2020-07-01,9237.96646
MYR,2020-08-01,11507.21069
MYR,2020-09-01,11776.06328
MYR,2020-10-01,10822.13262
MYR,2020-11-01,13815.23262
MYR,2020-12-01,19007.12338
MYR,2021-01-01,29255.23792
MYR,2021-02-01,34461.65548
MYR,2021-03-01,49285.00638
MYR,2021-04-01,58597.84014
MYR,2021-05-01,59083.12011
MYR,2021-06-01,37756.59242
MYR,2021-07-01,34035.63892
MYR,2021-08-01,40868.03322
MYR,2021-09-01,47819.05837
MYR,2021-10-01,45755.68352
MYR,2021-11-01,61266.27098
MYR,2021-12-01,57701.89631
MYR,2022-01-01,47585.63274
MYR,2022-02-01,38766.54946
MYR,2022-03-01,43190.13265
MYR,2022-04-01,45498.69689
MYR,2022-05-01,38729.58497
MYR,2022-06-01,30787.41275
MYR,2022-07-01,19911.37544
MYR,2022-08-01,23099.60341
MYR,2022-09-01,19973.03641
MYR,2022-10-01,19361.50757
MYR,2022-11-01,20479.57116
MYR,2022-12-01,17118.13659
MXN,2014-01-01,754.9950435
MXN,2014-02-01,893.8055668
MXN,2014-03-01,577.2871898
MXN,2014-04-01,561.3598949
MXN,2014-05-01,513.0622228
MXN,2014-06-01,701.3590416
MXN,2014-07-01,633.5259558
MXN,2014-08-01,647.4835546
MXN,2014-09-01,536.07775
MXN,2014-10-01,404.4344043
MXN,2014-11-01,369.7404478
MXN,2014-12-01,410.2593059
MXN,2015-01-01,346.896154
MXN,2015-02-01,251.8836066
MXN,2015-03-01,274.6790235
MXN,2015-04-01,266.5558467
MXN,2015-05-01,235.9632253
MXN,2015-06-01,248.0175696
MXN,2015-07-01,259.6739904
MXN,2015-08-01,315.3576415
MXN,2015-09-01,227.2459904
MXN,2015-10-01,235.757469
MXN,2015-11-01,349.7250368
MXN,2015-12-01,384.0154378
MXN,2016-01-01,461.0914698
MXN,2016-02-01,393.8346293
MXN,2016-03-01,446.80455
MXN,2016-04-01,430.5656124
MXN,2016-05-01,502.400442
MXN,2016-06-01,557.965919
MXN,2016-07-01,819.8827407
MXN,2016-08-01,661.5200066
MXN,2016-09-01,593.4269085
MXN,2016-10-01,664.6266753
MXN,2016-11-01,767.0843722
MXN,2016-12-01,768.7872181
MXN,2017-01-01,1062.279318
MXN,2017-02-01,981.374688
MXN,2017-03-01,1240.881
MXN,2017-04-01,1127.685625
MXN,2017-05-01,1451.936
MXN,2017-06-01,2426.74
MXN,2017-07-01,2462.29308
MXN,2017-08-01,2594.452054
MXN,2017-09-01,4884.3755
MXN,2017-10-01,4296.41238
MXN,2017-11-01,6681.298589
MXN,2017-12-01,10396.35059
MXN,2018-01-01,15552.45
MXN,2018-02-01,9431.959727
MXN,2018-03-01,10641.08749
MXN,2018-04-01,6784.170567
MXN,2018-05-01,8929.930305
MXN,2018-06-01,7466.39
MXN,2018-07-01,6257.054336
MXN,2018-08-01,7699.837115
MXN,2018-09-01,7113.401861
MXN,2018-10-01,6486.2806
MXN,2018-11-01,6289.251104
MXN,2018-12-01,4087.01549
MXN,2019-01-01,3707.030498
MXN,2019-02-01,3431.007742
MXN,2019-03-01,3786.035032
MXN,2019-04-01,3960.46716
MXN,2019-05-01,5304.098232
MXN,2019-06-01,8624.474311
MXN,2019-07-01,10772.1894
MXN,2019-08-01,10251.81222
MXN,2019-09-01,9730.383738
MXN,2019-10-01,8366.261424
MXN,2019-11-01,9153.675284
MXN,2019-12-01,7425.679873
MXN,2020-01-01,7230.935962
MXN,2020-02-01,9380.681102
MXN,2020-03-01,8477.197159
MXN,2020-04-01,6407.167087
MXN,2020-05-01,8700.534922
MXN,2020-06-01,9882.203285
MXN,2020-07-01,9264.977272
MXN,2020-08-01,11590.0814
MXN,2020-09-01,11841.26089
MXN,2020-10-01,10733.73977
MXN,2020-11-01,13728.44628
MXN,2020-12-01,18970.50093
MXN,2021-01-01,29263.05035
MXN,2021-02-01,33818.98237
MXN,2021-03-01,48217.39013
MXN,2021-04-01,59191.9744
MXN,2021-05-01,57883.72336
MXN,2021-06-01,36851.55833
MXN,2021-07-01,33964.78402
MXN,2021-08-01,40815.16672
MXN,2021-09-01,47784.97084
MXN,2021-10-01,45696.48183
MXN,2021-11-01,60353.35562
MXN,2021-12-01,57501.0211
MXN,2022-01-01,47473.87097
MXN,2022-02-01,38730.98148
MXN,2022-03-01,43545.71091
MXN,2022-04-01,45533.10181
MXN,2022-05-01,38176.90525
MXN,2022-06-01,30588.50086
MXN,2022-07-01,19798.85735
MXN,2022-08-01,23128.77664
MXN,2022-09-01,19891.5986
MXN,2022-10-01,19371.65062
MXN,2022-11-01,20487.32073
MXN,2022-12-01,16756.87356
NZD,2014-01-01,769.2308808
NZD,2014-02-01,785.283802
NZD,2014-03-01,584.197605
NZD,2014-04-01,529.7250772
NZD,2014-05-01,461.7400248
NZD,2014-06-01,660.4851968
NZD,2014-07-01,659.5003362
NZD,2014-08-01,586.3573394
NZD,2014-09-01,486.0222313
NZD,2014-10-01,394.7479185
NZD,2014-11-01,346.4208225
NZD,2014-12-01,418.730958
NZD,2015-01-01,325.8800765
NZD,2015-02-01,257.82438
NZD,2015-03-01,273.29499
NZD,2015-04-01,244.3974638
NZD,2015-05-01,231.6444207
NZD,2015-06-01,233.3176573
NZD,2015-07-01,255.397824
NZD,2015-08-01,294.470289
NZD,2015-09-01,228.285504
NZD,2015-10-01,236.450526
NZD,2015-11-01,411.306419
NZD,2015-12-01,410.863752
NZD,2016-01-01,428.99796
NZD,2016-02-01,404.736584
NZD,2016-03-01,480.519396
NZD,2016-04-01,447.1615656
NZD,2016-05-01,478.4992272
NZD,2016-06-01,619.9891455
NZD,2016-07-01,723.3132328
NZD,2016-08-01,684.9190373
NZD,2016-09-01,654.315587
NZD,2016-10-01,731.946589
NZD,2016-11-01,763.0277296
NZD,2016-12-01,853.7916396
NZD,2017-01-01,1193.13256
NZD,2017-02-01,1008.350134
NZD,2017-03-01,1236.815916
NZD,2017-04-01,1203.368753
NZD,2017-05-01,1452.071867
NZD,2017-06-01,3002.84392
NZD,2017-07-01,3092.596688
NZD,2017-08-01,3368.008528
NZD,2017-09-01,5905.594904
NZD,2017-10-01,10218.29555
NZD,2017-11-01,8187.395158
NZD,2017-12-01,12802.43295
NZD,2018-01-01,16874.64289
NZD,2018-02-01,9497.09368
NZD,2018-03-01,11890.66007
NZD,2018-04-01,7569.22875
NZD,2018-05-01,8788.371339
NZD,2018-06-01,7953.34704
NZD,2018-07-01,7946.776632
NZD,2018-08-01,8341.623664
NZD,2018-09-01,7045.735464
NZD,2018-10-01,7020.059289
NZD,2018-11-01,7593.371187
NZD,2018-12-01,5036.229404
NZD,2019-01-01,3637.930848
NZD,2019-02-01,3734.40756
NZD,2019-03-01,3682.375176
NZD,2019-04-01,3678.039144
NZD,2019-05-01,3591.589506
NZD,2019-06-01,3540.370128
NZD,2019-07-01,3614.082672
NZD,2019-08-01,3551.860613
NZD,2019-09-01,3414.028996
NZD,2019-10-01,3382.646964
NZD,2019-11-01,3482.3757
NZD,2019-12-01,3485.248321
NZD,2020-01-01,3650.45114
NZD,2020-02-01,3500.587034
NZD,2020-03-01,3375.655112
NZD,2020-04-01,3216.902141
NZD,2020-05-01,8828.937569
NZD,2020-06-01,12011.01846
NZD,2020-07-01,9587.714046
NZD,2020-08-01,11396.38889
NZD,2020-09-01,11915.93894
NZD,2020-10-01,11038.29142
NZD,2020-11-01,13711.17498
NZD,2020-12-01,19550.86761
NZD,2021-01-01,24122.12306
NZD,2021-02-01,33624.06035
NZD,2021-03-01,46981.45411
NZD,2021-04-01,60302.23524
NZD,2021-05-01,56619.17515
NZD,2021-06-01,38285.84947
NZD,2021-07-01,34029.78619
NZD,2021-08-01,40965.05178
NZD,2021-09-01,50327.47404
NZD,2021-10-01,45097.22075
NZD,2021-11-01,60629.83824
NZD,2021-12-01,63292.901
NZD,2022-01-01,46952.6984
NZD,2022-02-01,38043.32509
NZD,2022-03-01,42991.48817
NZD,2022-04-01,45361.9162
NZD,2022-05-01,38160.92726
NZD,2022-06-01,29822.22677
NZD,2022-07-01,18887.49856
NZD,2022-08-01,24240.46021
NZD,2022-09-01,20137.48698
NZD,2022-10-01,19526.68599
NZD,2022-11-01,20753.89318
NZD,2022-12-01,18002.79451
RUB,2014-01-01,769.096692
RUB,2014-02-01,890.5927086
RUB,2014-03-01,551.8500159
RUB,2014-04-01,537.8703782
RUB,2014-05-01,461.8256436
RUB,2014-06-01,641.1581138
RUB,2014-07-01,640.7416085
RUB,2014-08-01,605.7420945
RUB,2014-09-01,492.3504688
RUB,2014-10-01,428.6426613
RUB,2014-11-01,343.5448249
RUB,2014-12-01,368.19846
RUB,2015-01-01,352.4322411
RUB,2015-02-01,416.5594855
RUB,2015-03-01,377.3797223
RUB,2015-04-01,255.119088
RUB,2015-05-01,233.8197
RUB,2015-06-01,224.9563
RUB,2015-07-01,248.9507015
RUB,2015-08-01,354.8219868
RUB,2015-09-01,223.1190343
RUB,2015-10-01,238.5286771
RUB,2015-11-01,376.9890109
RUB,2015-12-01,364.7475
RUB,2016-01-01,414.125815
RUB,2016-02-01,364.9447245
RUB,2016-03-01,420.6597
RUB,2016-04-01,390.3466727
RUB,2016-05-01,447.7525379
RUB,2016-06-01,485.4667914
RUB,2016-07-01,645.0535913
RUB,2016-08-01,598.3974607
RUB,2016-09-01,555.243238
RUB,2016-10-01,603.7670696
RUB,2016-11-01,682.36724
RUB,2016-12-01,748.7319395
RUB,2017-01-01,956.2420266
RUB,2017-02-01,940.9827735
RUB,2017-03-01,1165.116553
RUB,2017-04-01,964.7217636
RUB,2017-05-01,1322.193439
RUB,2017-06-01,2349.969128
RUB,2017-07-01,2568.942664
RUB,2017-08-01,2596.00521
RUB,2017-09-01,4604.3793
RUB,2017-10-01,4121.96548
RUB,2017-11-01,6408.7025
RUB,2017-12-01,10031.2229
RUB,2018-01-01,14828.45437
RUB,2018-02-01,9331.484728
RUB,2018-03-01,9781.180288
RUB,2018-04-01,6594.852131
RUB,2018-05-01,8493.645402
RUB,2018-06-01,7409.89082
RUB,2018-07-01,6285.576957
RUB,2018-08-01,7620.523413
RUB,2018-09-01,7151.557805
RUB,2018-10-01,6778.021631
RUB,2018-11-01,6353.254084
RUB,2018-12-01,4417.171454
RUB,2019-01-01,3925.308419
RUB,2019-02-01,3495.757206
RUB,2019-03-01,3891.254197
RUB,2019-04-01,4079.525704
RUB,2019-05-01,5337.534352
RUB,2019-06-01,8428.537903
RUB,2019-07-01,10976.59416
RUB,2019-08-01,9961.178462
RUB,2019-09-01,9688.089315
RUB,2019-10-01,8389.538094
RUB,2019-11-01,9292.432221
RUB,2019-12-01,7675.973761
RUB,2020-01-01,7246.573676
RUB,2020-02-01,9325.822215
RUB,2020-03-01,8702.958854
RUB,2020-04-01,6525.318517
RUB,2020-05-01,8787.067168
RUB,2020-06-01,9774.009733
RUB,2020-07-01,9278.964592
RUB,2020-08-01,11355.77471
RUB,2020-09-01,11830.41226
RUB,2020-10-01,10871.7045
RUB,2020-11-01,13722.12746
RUB,2020-12-01,18879.97183
RUB,2021-01-01,28255.4002
RUB,2021-02-01,32829.71492
RUB,2021-03-01,47412.90707
RUB,2021-04-01,57219.26469
RUB,2021-05-01,57645.7789
RUB,2021-06-01,37149.46168
RUB,2021-07-01,33832.15283
RUB,2021-08-01,41023.40145
RUB,2021-09-01,47940.24525
RUB,2021-10-01,45664.72954
RUB,2021-11-01,60323.84618
RUB,2021-12-01,57536.36871
RUB,2022-01-01,47103.02642
RUB,2022-02-01,38661.34427
RUB,2022-03-01,38821.61608
RUB,2022-04-01,45741.55975
RUB,2022-05-01,37342.18393
RUB,2022-06-01,30828.67806
RUB,2022-07-01,18939.39444
RUB,2022-08-01,23022.86587
RUB,2022-09-01,19874.01148
RUB,2022-10-01,19031.33302
RUB,2022-11-01,20442.62362
RUB,2022-12-01,16951.03802
SGD,2014-01-01,734.950932
SGD,2014-02-01,904.758385
SGD,2014-03-01,547.032906
SGD,2014-04-01,484.91962
SGD,2014-05-01,479.6115154
SGD,2014-06-01,669.8938378
SGD,2014-07-01,714.6181807
SGD,2014-08-01,649.8523304
SGD,2014-09-01,538.584
SGD,2014-10-01,420.6137423
SGD,2014-11-01,340.17375
SGD,2014-12-01,404.1058636
SGD,2015-01-01,320.7966542
SGD,2015-02-01,218.965896
SGD,2015-03-01,249.1261168
SGD,2015-04-01,245.6242718
SGD,2015-05-01,230.5466688
SGD,2015-06-01,228.327801
SGD,2015-07-01,260.7678996
SGD,2015-08-01,288.6662162
SGD,2015-09-01,229.4436764
SGD,2015-10-01,236.1494358
SGD,2015-11-01,340.75953
SGD,2015-12-01,370.4113745
SGD,2016-01-01,431.9381169
SGD,2016-02-01,375.1942772
SGD,2016-03-01,436.9790835
SGD,2016-04-01,417.0120291
SGD,2016-05-01,451.2511129
SGD,2016-06-01,534.1646024
SGD,2016-07-01,679.4850895
SGD,2016-08-01,624.183356
SGD,2016-09-01,573.71942
SGD,2016-10-01,609.3393015
SGD,2016-11-01,719.913896
SGD,2016-12-01,754.6213221
SGD,2017-01-01,979.2100758
SGD,2017-02-01,976.35
SGD,2017-03-01,1212.675984
SGD,2017-04-01,1088.409694
SGD,2017-05-01,1368.137757
SGD,2017-06-01,2431.923913
SGD,2017-07-01,2621.063628
SGD,2017-08-01,2889.255259
SGD,2017-09-01,4828.629769
SGD,2017-10-01,4338.54474
SGD,2017-11-01,6523.124996
SGD,2017-12-01,10269.72808
SGD,2018-01-01,14185.11065
SGD,2018-02-01,9307.390492
SGD,2018-03-01,10655.74898
SGD,2018-04-01,6916.580476
SGD,2018-05-01,9165.723221
SGD,2018-06-01,7689.17406
SGD,2018-07-01,6324.154706
SGD,2018-08-01,7827.237736
SGD,2018-09-01,7423.013921
SGD,2018-10-01,6751.175079
SGD,2018-11-01,6574.344944
SGD,2018-12-01,4337.03869
SGD,2019-01-01,3928.177053
SGD,2019-02-01,3407.700562
SGD,2019-03-01,3811.13505
SGD,2019-04-01,4092.402252
SGD,2019-05-01,5292.232691
SGD,2019-06-01,8533.044318
SGD,2019-07-01,10615.56984
SGD,2019-08-01,10111.57682
SGD,2019-09-01,9673.774633
SGD,2019-10-01,8348.174323
SGD,2019-11-01,9160.18798
SGD,2019-12-01,7410.775883
SGD,2020-01-01,7067.173294
SGD,2020-02-01,9505.06807
SGD,2020-03-01,8636.033986
SGD,2020-04-01,6449.188215
SGD,2020-05-01,9084.233072
SGD,2020-06-01,9953.295901
SGD,2020-07-01,9255.67208
SGD,2020-08-01,11325.76851
SGD,2020-09-01,11836.62988
SGD,2020-10-01,10851.06161
SGD,2020-11-01,13794.32252
SGD,2020-12-01,19156.59312
SGD,2021-01-01,29602.66706
SGD,2021-02-01,33617.23041
SGD,2021-03-01,47892.69423
SGD,2021-04-01,58867.07749
SGD,2021-05-01,57094.95815
SGD,2021-06-01,37050.87011
SGD,2021-07-01,34146.02887
SGD,2021-08-01,41093.39011
SGD,2021-09-01,47709.16576
SGD,2021-10-01,45959.40647
SGD,2021-11-01,61020.78155
SGD,2021-12-01,57657.37562
SGD,2022-01-01,46838.31332
SGD,2022-02-01,38689.4675
SGD,2022-03-01,43940.54663
SGD,2022-04-01,45619.72967
SGD,2022-05-01,38181.29737
SGD,2022-06-01,30956.76576
SGD,2022-07-01,19746.77314
SGD,2022-08-01,23374.45566
SGD,2022-09-01,19949.57155
SGD,2022-10-01,19367.98623
SGD,2022-11-01,20377.96835
SGD,2022-12-01,17135.97039
ZAR,2014-01-01,819.196
ZAR,2014-02-01,871.7834857
ZAR,2014-03-01,612.2628438
ZAR,2014-04-01,564.78063
ZAR,2014-05-01,493.7766
ZAR,2014-06-01,637.935705
ZAR,2014-07-01,644.4471335
ZAR,2014-08-01,616.92126
ZAR,2014-09-01,506.31148
ZAR,2014-10-01,406.6036875
ZAR,2014-11-01,344.147003
ZAR,2014-12-01,385.6123708
ZAR,2015-01-01,336.2221741
ZAR,2015-02-01,228.6550706
ZAR,2015-03-01,271.578475
ZAR,2015-04-01,256.9572
ZAR,2015-05-01,288.14205
ZAR,2015-06-01,249.59301
ZAR,2015-07-01,285.1668105
ZAR,2015-08-01,318.0726321
ZAR,2015-09-01,248.3296845
ZAR,2015-10-01,259.4278284
ZAR,2015-11-01,375.5229745
ZAR,2015-12-01,375.39072
ZAR,2016-01-01,465.2061
ZAR,2016-02-01,411.50592
ZAR,2016-03-01,476.95367
ZAR,2016-04-01,476.35692
ZAR,2016-05-01,498.01128
ZAR,2016-06-01,571.05349
ZAR,2016-07-01,732.14484
ZAR,2016-08-01,651.956375
ZAR,2016-09-01,584.88801
ZAR,2016-10-01,630.997125
ZAR,2016-11-01,749.42901
ZAR,2016-12-01,787.90287
ZAR,2017-01-01,1057.6395
ZAR,2017-02-01,1024.315875
ZAR,2017-03-01,1260.591875
ZAR,2017-04-01,1147.34372
ZAR,2017-05-01,1418.83163
ZAR,2017-06-01,2695.33274
ZAR,2017-07-01,2687.88696
ZAR,2017-08-01,2906.7077
ZAR,2017-09-01,5097.70912
ZAR,2017-10-01,4376.969905
ZAR,2017-11-01,7245.75211
ZAR,2017-12-01,11522.57389
ZAR,2018-01-01,15748.82811
ZAR,2018-02-01,10386.14435
ZAR,2018-03-01,10795.32284
ZAR,2018-04-01,7026.520265
ZAR,2018-05-01,9222.752
ZAR,2018-06-01,7813.105647
ZAR,2018-07-01,6487.933799
ZAR,2018-08-01,7934.453337
ZAR,2018-09-01,7144.877092
ZAR,2018-10-01,6886.52299
ZAR,2018-11-01,6642.164317
ZAR,2018-12-01,4278.028515
ZAR,2019-01-01,3927.382272
ZAR,2019-02-01,3517.715324
ZAR,2019-03-01,3867.242425
ZAR,2019-04-01,4341.839882
ZAR,2019-05-01,5488.285782
ZAR,2019-06-01,8990.616905
ZAR,2019-07-01,11521.48
ZAR,2019-08-01,10418.92424
ZAR,2019-09-01,10318.44271
ZAR,2019-10-01,8745.391326
ZAR,2019-11-01,9645.931617
ZAR,2019-12-01,7933.389555
ZAR,2020-01-01,7916.453014
ZAR,2020-02-01,9627.774651
ZAR,2020-03-01,8939.493468
ZAR,2020-04-01,6468.16373
ZAR,2020-05-01,9023.84341
ZAR,2020-06-01,10241.16768
ZAR,2020-07-01,9839.449971
ZAR,2020-08-01,12089.80249
ZAR,2020-09-01,12597.86367
ZAR,2020-10-01,11156.65637
ZAR,2020-11-01,14204.51969
ZAR,2020-12-01,19669.50233
ZAR,2021-01-01,30174.7366
ZAR,2021-02-01,34818.74223
ZAR,2021-03-01,48670.06022
ZAR,2021-04-01,60669.81791
ZAR,2021-05-01,59166.56079
ZAR,2021-06-01,38091.30361
ZAR,2021-07-01,34285.23731
ZAR,2021-08-01,41911.9313
ZAR,2021-09-01,49320.92879
ZAR,2021-10-01,46733.62073
ZAR,2021-11-01,61355.02256
ZAR,2021-12-01,58083.65454
ZAR,2022-01-01,47663.97666
ZAR,2022-02-01,39478.38757
ZAR,2022-03-01,44432.5359
ZAR,2022-04-01,46848.6577
ZAR,2022-05-01,38917.77131
ZAR,2022-06-01,31273.48268
ZAR,2022-07-01,20380.80427
ZAR,2022-08-01,23683.4522
ZAR,2022-09-01,20107.16866
ZAR,2022-10-01,19535.72014
ZAR,2022-11-01,20671.80079
ZAR,2022-12-01,17231.33452
KRW,2014-01-01,710.6442053
KRW,2014-02-01,838.0323963
KRW,2014-03-01,647.5395298
KRW,2014-04-01,595.4586435
KRW,2014-05-01,465.6153764
KRW,2014-06-01,580.0885251
KRW,2014-07-01,619.6362042
KRW,2014-08-01,632.4538653
KRW,2014-09-01,506.9927352
KRW,2014-10-01,408.24912
KRW,2014-11-01,342.4262742
KRW,2014-12-01,439.9315709
KRW,2015-01-01,339.7562639
KRW,2015-02-01,338.0433322
KRW,2015-03-01,336.7400147
KRW,2015-04-01,338.1178075
KRW,2015-05-01,344.4109694
KRW,2015-06-01,333.3141514
KRW,2015-07-01,246.5555575
KRW,2015-08-01,284.9355405
KRW,2015-09-01,241.7841203
KRW,2015-10-01,241.8697581
KRW,2015-11-01,273.350874
KRW,2015-12-01,360.1200384
KRW,2016-01-01,418.6988292
KRW,2016-02-01,406.7623014
KRW,2016-03-01,448.782099
KRW,2016-04-01,468.1290685
KRW,2016-05-01,452.27394
KRW,2016-06-01,544.090365
KRW,2016-07-01,692.17296
KRW,2016-08-01,633.6099
KRW,2016-09-01,578.76012
KRW,2016-10-01,618.5248
KRW,2016-11-01,719.310825
KRW,2016-12-01,762.214
KRW,2017-01-01,1018.73095
KRW,2017-02-01,1017.46935
KRW,2017-03-01,1242.9142
KRW,2017-04-01,1138.633432
KRW,2017-05-01,1429.352278
KRW,2017-06-01,2758.372556
KRW,2017-07-01,2670.471063
KRW,2017-08-01,2800.061578
KRW,2017-09-01,4691.789301
KRW,2017-10-01,4267.794246
KRW,2017-11-01,6720.862757
KRW,2017-12-01,10975.97187
KRW,2018-01-01,17644.41973
KRW,2018-02-01,9964.58459
KRW,2018-03-01,11004.25224
KRW,2018-04-01,6992.943228
KRW,2018-05-01,9209.594669
KRW,2018-06-01,7681.572626
KRW,2018-07-01,6347.665746
KRW,2018-08-01,7715.607795
KRW,2018-09-01,7131.240958
KRW,2018-10-01,6617.68004
KRW,2018-11-01,6340.745635
KRW,2018-12-01,4153.915732
KRW,2019-01-01,3774.989215
KRW,2019-02-01,3376.031937
KRW,2019-03-01,3763.7242
KRW,2019-04-01,4125.880756
KRW,2019-05-01,5273.916103
KRW,2019-06-01,8652.353964
KRW,2019-07-01,11239.56511
KRW,2019-08-01,10057.74197
KRW,2019-09-01,9657.412118
KRW,2019-10-01,8319.287764
KRW,2019-11-01,9204.404311
KRW,2019-12-01,7333.467635
KRW,2020-01-01,7203.136609
KRW,2020-02-01,9047.229048
KRW,2020-03-01,8668.691793
KRW,2020-04-01,6320.575615
KRW,2020-05-01,8765.44678
KRW,2020-06-01,9629.699032
KRW,2020-07-01,9143.458727
KRW,2020-08-01,11396.26548
KRW,2020-09-01,11681.72476
KRW,2020-10-01,10702.40371
KRW,2020-11-01,13713.451
KRW,2020-12-01,18888.02166
KRW,2021-01-01,29536.03997
KRW,2021-02-01,33072.40168
KRW,2021-03-01,49062.56899
KRW,2021-04-01,63506.43232
KRW,2021-05-01,61140.30951
KRW,2021-06-01,39205.42376
KRW,2021-07-01,34925.34383
KRW,2021-08-01,41413.60518
KRW,2021-09-01,48127.58456
KRW,2021-10-01,47232.82045
KRW,2021-11-01,61522.29667
KRW,2021-12-01,60800.86004
KRW,2022-01-01,48332.81509
KRW,2022-02-01,39514.17685
KRW,2022-03-01,44225.2476
KRW,2022-04-01,45522.17198
KRW,2022-05-01,38810.80468
KRW,2022-06-01,31118.57673
KRW,2022-07-01,20082.04265
KRW,2022-08-01,23503.41624
KRW,2022-09-01,20218.37937
KRW,2022-10-01,19349.66051
KRW,2022-11-01,20303.53821
KRW,2022-12-01,17718.86782
CHF,2014-01-01,787.903871
CHF,2014-02-01,854.6200675
CHF,2014-03-01,619.27885
CHF,2014-04-01,798.731226
CHF,2014-05-01,541.195578
CHF,2014-06-01,600.751586
CHF,2014-07-01,635.9657472
CHF,2014-08-01,601.06176
CHF,2014-09-01,536.723899
CHF,2014-10-01,390.284409
CHF,2014-11-01,303.63929
CHF,2014-12-01,387.914156
CHF,2015-01-01,324.990523
CHF,2015-02-01,252.93681
CHF,2015-03-01,240.916572
CHF,2015-04-01,248.803962
CHF,2015-05-01,264.886336
CHF,2015-06-01,320.45758
CHF,2015-07-01,297.1753
CHF,2015-08-01,283.3880472
CHF,2015-09-01,252.6349995
CHF,2015-10-01,237.155718
CHF,2015-11-01,652.1464109
CHF,2015-12-01,367.4448306
CHF,2016-01-01,540.847881
CHF,2016-02-01,571.5375298
CHF,2016-03-01,462.618705
CHF,2016-04-01,687.232143
CHF,2016-05-01,462.45573
CHF,2016-06-01,540.598357
CHF,2016-07-01,698.3301
CHF,2016-08-01,629.2726125
CHF,2016-09-01,752.491656
CHF,2016-10-01,825.0611475
CHF,2016-11-01,805.738851
CHF,2016-12-01,810.155349
CHF,2017-01-01,1080.042498
CHF,2017-02-01,1004.626373
CHF,2017-03-01,1680.044751
CHF,2017-04-01,1138.90052
CHF,2017-05-01,2004.3832
CHF,2017-06-01,2375.325903
CHF,2017-07-01,2615.09304
CHF,2017-08-01,2950.056762
CHF,2017-09-01,4833.209933
CHF,2017-10-01,4506.414015
CHF,2017-11-01,6659.380613
CHF,2017-12-01,10599.13887
CHF,2018-01-01,14225.94615
CHF,2018-02-01,9673.976935
CHF,2018-03-01,10890.49204
CHF,2018-04-01,7092.956141
CHF,2018-05-01,9365.428776
CHF,2018-06-01,7805.802984
CHF,2018-07-01,6769.675928
CHF,2018-08-01,7956.938952
CHF,2018-09-01,7454.574824
CHF,2018-10-01,6904.393227
CHF,2018-11-01,6630.78066
CHF,2018-12-01,4521.055291
CHF,2019-01-01,4017.183347
CHF,2019-02-01,3431.014993
CHF,2019-03-01,3843.998753
CHF,2019-04-01,4137.27425
CHF,2019-05-01,5345.326819
CHF,2019-06-01,8577.668846
CHF,2019-07-01,10613.34918
CHF,2019-08-01,10132.76096
CHF,2019-09-01,9540.064
CHF,2019-10-01,8404.754494
CHF,2019-11-01,9145.888886
CHF,2019-12-01,7436.132627
CHF,2020-01-01,7267.71732
CHF,2020-02-01,9384.417542
CHF,2020-03-01,8609.766084
CHF,2020-04-01,6481.316643
CHF,2020-05-01,8841.57042
CHF,2020-06-01,9847.278913
CHF,2020-07-01,9249.891534
CHF,2020-08-01,11574.37058
CHF,2020-09-01,11803.89717
CHF,2020-10-01,10715.44711
CHF,2020-11-01,13789.45957
CHF,2020-12-01,19194.53289
CHF,2021-01-01,29119.22389
CHF,2021-02-01,34156.2253
CHF,2021-03-01,47035.13406
CHF,2021-04-01,58999.56114
CHF,2021-05-01,57651.91094
CHF,2021-06-01,36897.95501
CHF,2021-07-01,33913.41815
CHF,2021-08-01,41050.94394
CHF,2021-09-01,47838.0958
CHF,2021-10-01,45957.48656
CHF,2021-11-01,61550.98769
CHF,2021-12-01,57714.67015
CHF,2022-01-01,47254.58612
CHF,2022-02-01,38841.46685
CHF,2022-03-01,43907.02191
CHF,2022-04-01,45482.71013
CHF,2022-05-01,37979.09941
CHF,2022-06-01,30624.01409
CHF,2022-07-01,19843.31459
CHF,2022-08-01,23191.93051
CHF,2022-09-01,19869.90851
CHF,2022-10-01,19339.57325
CHF,2022-11-01,20444.92752
CHF,2022-12-01,17128.15475
THB,2014-01-01,743.5661552
THB,2014-02-01,793.9428841
THB,2014-03-01,548.4187043
THB,2014-04-01,429.001386
THB,2014-05-01,442.9436027
THB,2014-06-01,630.3403046
THB,2014-07-01,629.2377145
THB,2014-08-01,590.4452453
THB,2014-09-01,477.5
THB,2014-10-01,373.1839683
THB,2014-11-01,317.2587236
THB,2014-12-01,390.4533376
THB,2015-01-01,323.5657508
THB,2015-02-01,227.7076143
THB,2015-03-01,267.1796024
THB,2015-04-01,256.4119764
THB,2015-05-01,247.2299857
THB,2015-06-01,239.4038845
THB,2015-07-01,126.7301048
THB,2015-08-01,307.3875288
THB,2015-09-01,243.862632
THB,2015-10-01,236.1780565
THB,2015-11-01,329.4255001
THB,2015-12-01,396.5797284
THB,2016-01-01,435.8532492
THB,2016-02-01,402.9092011
THB,2016-03-01,457.6550004
THB,2016-04-01,427.899534
THB,2016-05-01,474.652572
THB,2016-06-01,549.2317042
THB,2016-07-01,646.3605311
THB,2016-08-01,638.666028
THB,2016-09-01,593.2859067
THB,2016-10-01,653.8406869
THB,2016-11-01,773.5999601
THB,2016-12-01,810.2596982
THB,2017-01-01,987.6864953
THB,2017-02-01,995.7230473
THB,2017-03-01,1190.789666
THB,2017-04-01,1157.195255
THB,2017-05-01,1396.336881
THB,2017-06-01,2768.131075
THB,2017-07-01,2716.521035
THB,2017-08-01,2671.676943
THB,2017-09-01,4930.868958
THB,2017-10-01,4923.840323
THB,2017-11-01,6612.705767
THB,2017-12-01,10577.7
THB,2018-01-01,15580.36323
THB,2018-02-01,9867.711924
THB,2018-03-01,10743.28109
THB,2018-04-01,6935.792593
THB,2018-05-01,8910.816205
THB,2018-06-01,7494.663
THB,2018-07-01,6341.930801
THB,2018-08-01,7712.53167
THB,2018-09-01,7103.476703
THB,2018-10-01,6551.915141
THB,2018-11-01,6400.714925
THB,2018-12-01,4077.922926
THB,2019-01-01,3716.675792
THB,2019-02-01,3421.177964
THB,2019-03-01,3803.274655
THB,2019-04-01,4145.912466
THB,2019-05-01,5301.757841
THB,2019-06-01,8766.060138
THB,2019-07-01,10745.26304
THB,2019-08-01,9937.307051
THB,2019-09-01,9659.09269
THB,2019-10-01,8665.929144
THB,2019-11-01,9707.950069
THB,2019-12-01,7944.852505
THB,2020-01-01,7630.165363
THB,2020-02-01,9278.902633
THB,2020-03-01,9020.027252
THB,2020-04-01,7182.637829
THB,2020-05-01,11371.80431
THB,2020-06-01,10092.26024
THB,2020-07-01,9862.027451
THB,2020-08-01,11512.62744
THB,2020-09-01,11729.71641
THB,2020-10-01,10659.95804
THB,2020-11-01,13820.97462
THB,2020-12-01,18923.76028
THB,2021-01-01,29219.59728
THB,2021-02-01,35363.85546
THB,2021-03-01,48139.63388
THB,2021-04-01,58602.12985
THB,2021-05-01,58592.17434
THB,2021-06-01,37598.18772
THB,2021-07-01,33946.14626
THB,2021-08-01,40943.55569
THB,2021-09-01,47721.75153
THB,2021-10-01,45052.12346
THB,2021-11-01,62009.59543
THB,2021-12-01,57780.83761
THB,2022-01-01,48485.51231
THB,2022-02-01,38976.66465
THB,2022-03-01,43767.42422
THB,2022-04-01,45640.73216
THB,2022-05-01,38428.31478
THB,2022-06-01,30485.63357
THB,2022-07-01,19852.63287
THB,2022-08-01,23083.27645
THB,2022-09-01,19791.62987
THB,2022-10-01,19380.86071
THB,2022-11-01,20509.68618
THB,2022-12-01,17242.79337
TRY,2014-01-01,780.5554635
TRY,2014-02-01,828.055198
TRY,2014-03-01,795.411505
TRY,2014-04-01,630.63052
TRY,2014-05-01,395.423533
TRY,2014-06-01,520.5496352
TRY,2014-07-01,712.7057917
TRY,2014-08-01,717.5158595
TRY,2014-09-01,638.736059
TRY,2014-10-01,564.4874048
TRY,2014-11-01,444.8815008
TRY,2014-12-01,341.820096
TRY,2015-01-01,328.9671684
TRY,2015-02-01,304.3562564
TRY,2015-03-01,20082.99328
TRY,2015-04-01,306.4731341
TRY,2015-05-01,200.650149
TRY,2015-06-01,272.9770682
TRY,2015-07-01,146.0016045
TRY,2015-08-01,314.2147195
TRY,2015-09-01,228.5559478
TRY,2015-10-01,236.2261145
TRY,2015-11-01,342.6646484
TRY,2015-12-01,372.8487196
TRY,2016-01-01,434.6599743
TRY,2016-02-01,405.096593
TRY,2016-03-01,475.0226736
TRY,2016-04-01,458.4596862
TRY,2016-05-01,493.644657
TRY,2016-06-01,582.8108787
TRY,2016-07-01,730.12401
TRY,2016-08-01,668.6632215
TRY,2016-09-01,561.4912575
TRY,2016-10-01,609.9726896
TRY,2016-11-01,841.990474
TRY,2016-12-01,897.6258664
TRY,2017-01-01,1057.047431
TRY,2017-02-01,1270.83126
TRY,2017-03-01,1554.712466
TRY,2017-04-01,1394.492102
TRY,2017-05-01,1702.61471
TRY,2017-06-01,3711.343854
TRY,2017-07-01,2113.561239
TRY,2017-08-01,2949.579971
TRY,2017-09-01,5115.624625
TRY,2017-10-01,4336.921927
TRY,2017-11-01,7170.113761
TRY,2017-12-01,11764.89209
TRY,2018-01-01,16231.51729
TRY,2018-02-01,9500.500129
TRY,2018-03-01,11786.12718
TRY,2018-04-01,6974.474205
TRY,2018-05-01,9234.413396
TRY,2018-06-01,7442.704103
TRY,2018-07-01,6259.775239
TRY,2018-08-01,7500.269982
TRY,2018-09-01,6765.98558
TRY,2018-10-01,6671.357598
TRY,2018-11-01,6113.411638
TRY,2018-12-01,4108.822655
TRY,2019-01-01,3785.988431
TRY,2019-02-01,3579.943623
TRY,2019-03-01,3971.917722
TRY,2019-04-01,4057.0574
TRY,2019-05-01,5502.353454
TRY,2019-06-01,8679.755719
TRY,2019-07-01,11363.59063
TRY,2019-08-01,10495.13268
TRY,2019-09-01,9762.545767
TRY,2019-10-01,8394.991537
TRY,2019-11-01,9224.122153
TRY,2019-12-01,7864.22406
TRY,2020-01-01,7705.215096
TRY,2020-02-01,9495.247374
TRY,2020-03-01,8712.821734
TRY,2020-04-01,6354.517595
TRY,2020-05-01,8905.459504
TRY,2020-06-01,9655.466926
TRY,2020-07-01,9242.176983
TRY,2020-08-01,11563.10947
TRY,2020-09-01,11830.94137
TRY,2020-10-01,10667.27431
TRY,2020-11-01,13750.91133
TRY,2020-12-01,19095.84122
TRY,2021-01-01,29203.72974
TRY,2021-02-01,33859.38539
TRY,2021-03-01,47879.92545
TRY,2021-04-01,59547.42555
TRY,2021-05-01,57380.00647
TRY,2021-06-01,36304.32838
TRY,2021-07-01,33927.37521
TRY,2021-08-01,40503.63101
TRY,2021-09-01,47790.71404
TRY,2021-10-01,45580.22986
TRY,2021-11-01,61107.76255
TRY,2021-12-01,56234.9246
TRY,2022-01-01,47266.40939
TRY,2022-02-01,38747.56032
TRY,2022-03-01,43476.6863
TRY,2022-04-01,45759.19365
TRY,2022-05-01,39050.47444
TRY,2022-06-01,30768.97728
TRY,2022-07-01,19964.1861
TRY,2022-08-01,23267.6488
TRY,2022-09-01,20083.48892
TRY,2022-10-01,19554.24702
TRY,2022-11-01,20674.65683
TRY,2022-12-01,17354.26317
GBP,2014-01-01,797.2492125
GBP,2014-02-01,940.0902175
GBP,2014-03-01,733.577802
GBP,2014-04-01,741.043448
GBP,2014-05-01,575.1110384
GBP,2014-06-01,824.046564
GBP,2014-07-01,782.9256785
GBP,2014-08-01,1093.594263
GBP,2014-09-01,1059.69044
GBP,2014-10-01,522.0552675
GBP,2014-11-01,465.2155824
GBP,2014-12-01,393.5345615
GBP,2015-01-01,329.9178448
GBP,2015-02-01,223.627842
GBP,2015-03-01,257.78594
GBP,2015-04-01,249.1174378
GBP,2015-05-01,243.697125
GBP,2015-06-01,231.267924
GBP,2015-07-01,259.2828525
GBP,2015-08-01,287.43924
GBP,2015-09-01,229.2866664
GBP,2015-10-01,234.4494245
GBP,2015-11-01,317.1475055
GBP,2015-12-01,368.159839
GBP,2016-01-01,433.0682535
GBP,2016-02-01,382.3965737
GBP,2016-03-01,433.612249
GBP,2016-04-01,416.1594875
GBP,2016-05-01,459.2043641
GBP,2016-06-01,532.3401633
GBP,2016-07-01,671.262761
GBP,2016-08-01,623.081312
GBP,2016-09-01,583.998353
GBP,2016-10-01,614.152522
GBP,2016-11-01,722.7938093
GBP,2016-12-01,752.4181287
GBP,2017-01-01,986.7529872
GBP,2017-02-01,982.7645685
GBP,2017-03-01,1288.363787
GBP,2017-04-01,1092.138547
GBP,2017-05-01,1384.516808
GBP,2017-06-01,2404.39941
GBP,2017-07-01,2487.551245
GBP,2017-08-01,2841.807686
GBP,2017-09-01,4856.729634
GBP,2017-10-01,4429.662018
GBP,2017-11-01,6596.124935
GBP,2017-12-01,10255.84949
GBP,2018-01-01,13435.50586
GBP,2018-02-01,9380.248537
GBP,2018-03-01,10658.94792
GBP,2018-04-01,6805.712471
GBP,2018-05-01,8971.743838
GBP,2018-06-01,7650.27272
GBP,2018-07-01,6233.251068
GBP,2018-08-01,7552.202228
GBP,2018-09-01,7170.02928
GBP,2018-10-01,6587.796035
GBP,2018-11-01,6472.427727
GBP,2018-12-01,4139.73966
GBP,2019-01-01,3807.643779
GBP,2019-02-01,3432.126005
GBP,2019-03-01,3824.864085
GBP,2019-04-01,4116.634214
GBP,2019-05-01,5324.906034
GBP,2019-06-01,8573.496828
GBP,2019-07-01,10598.6082
GBP,2019-08-01,10180.07532
GBP,2019-09-01,9705.966445
GBP,2019-10-01,8388.941309
GBP,2019-11-01,9191.494072
GBP,2019-12-01,7409.165282
GBP,2020-01-01,7220.916984
GBP,2020-02-01,9375.474114
GBP,2020-03-01,8590.031844
GBP,2020-04-01,6434.295706
GBP,2020-05-01,8812.679958
GBP,2020-06-01,9927.358391
GBP,2020-07-01,9230.819941
GBP,2020-08-01,11642.89929
GBP,2020-09-01,11897.54156
GBP,2020-10-01,10729.50531
GBP,2020-11-01,13774.63439
GBP,2020-12-01,19186.09121
GBP,2021-01-01,29200.79603
GBP,2021-02-01,33500.0602
GBP,2021-03-01,47425.29962
GBP,2021-04-01,58863.63902
GBP,2021-05-01,57904.52774
GBP,2021-06-01,36731.56435
GBP,2021-07-01,33641.08407
GBP,2021-08-01,40632.52954
GBP,2021-09-01,47864.46451
GBP,2021-10-01,46040.82216
GBP,2021-11-01,60949.08366
GBP,2021-12-01,57670.41707
GBP,2022-01-01,47100.05636
GBP,2022-02-01,38720.13839
GBP,2022-03-01,43572.6751
GBP,2022-04-01,45484.0768
GBP,2022-05-01,38100.17035
GBP,2022-06-01,30493.99943
GBP,2022-07-01,19873.91969
GBP,2022-08-01,23244.41797
GBP,2022-09-01,19897.95427
GBP,2022-10-01,19363.5996
GBP,2022-11-01,20441.69572
GBP,2022-12-01,17183.7721
USD,2014-01-01,800.45
USD,2014-02-01,948.495
USD,2014-03-01,413.42
USD,2014-04-01,462.69
USD,2014-05-01,454.5
USD,2014-06-01,648.465
USD,2014-07-01,643.315
USD,2014-08-01,595.21
USD,2014-09-01,479.625
USD,2014-10-01,388.12
USD,2014-11-01,329.87
USD,2014-12-01,378.3
USD,2015-01-01,317.45
USD,2015-02-01,220.575
USD,2015-03-01,252.71
USD,2015-04-01,243.62
USD,2015-05-01,235.9
USD,2015-06-01,226.365
USD,2015-07-01,259.705
USD,2015-08-01,280.415
USD,2015-09-01,228.605
USD,2015-10-01,236.68
USD,2015-11-01,314.53
USD,2015-12-01,366.34
USD,2016-01-01,431.905
USD,2016-02-01,372.525
USD,2016-03-01,433.755
USD,2016-04-01,414.825
USD,2016-05-01,450.865
USD,2016-06-01,531.78
USD,2016-07-01,673.1
USD,2016-08-01,615.72
USD,2016-09-01,637.17
USD,2016-10-01,611.035
USD,2016-11-01,714.78
USD,2016-12-01,748.28
USD,2017-01-01,978.855
USD,2017-02-01,973.195
USD,2017-03-01,1189.795
USD,2017-04-01,1085.605
USD,2017-05-01,1395.73
USD,2017-06-01,2382.09
USD,2017-07-01,2458.545
USD,2017-08-01,2802.82
USD,2017-09-01,4807.7
USD,2017-10-01,4335.47
USD,2017-11-01,6546.87
USD,2017-12-01,10181.865
USD,2018-01-01,13399.6
USD,2018-02-01,9503.895
USD,2018-03-01,10668.93
USD,2018-04-01,6759.88
USD,2018-05-01,9051.38
USD,2018-06-01,7492.465
USD,2018-07-01,6346.11
USD,2018-08-01,7605.025
USD,2018-09-01,7148.805
USD,2018-10-01,6586.57
USD,2018-11-01,6362.595
USD,2018-12-01,4126.135
USD,2019-01-01,3817.845
USD,2019-02-01,3438.755
USD,2019-03-01,3844.395
USD,2019-04-01,4123.265
USD,2019-05-01,5381.935
USD,2019-06-01,8539.43
USD,2019-07-01,10606.715
USD,2019-08-01,10189.65
USD,2019-09-01,9701.095
USD,2019-10-01,8374.805
USD,2019-11-01,9190.62
USD,2019-12-01,7418.725
USD,2020-01-01,7219.49
USD,2020-02-01,9376.245
USD,2020-03-01,8610.14
USD,2020-04-01,6442.02
USD,2020-05-01,8848.93
USD,2020-06-01,9890.31
USD,2020-07-01,9198.5
USD,2020-08-01,11557.875
USD,2020-09-01,11801.24
USD,2020-10-01,10690.565
USD,2020-11-01,13763.62
USD,2020-12-01,19052.98
USD,2021-01-01,29207.27
USD,2021-02-01,33527.29
USD,2021-03-01,47435.59
USD,2021-04-01,58709.28
USD,2021-05-01,57778.025
USD,2021-06-01,36821.855
USD,2021-07-01,33911.37
USD,2021-08-01,41028.095
USD,2021-09-01,47803.395
USD,2021-10-01,45887.475
USD,2021-11-01,61018.595
USD,2021-12-01,57801.26
USD,2022-01-01,47073.16
USD,2022-02-01,38657.52
USD,2022-03-01,43888.3
USD,2022-04-01,45491.43
USD,2022-05-01,38064.88
USD,2022-06-01,30640.265
USD,2022-07-01,19884.885
USD,2022-08-01,23185.615
USD,2022-09-01,19887.78
USD,2022-10-01,19335.575
USD,2022-11-01,20510.465
USD,2022-12-01,17060.57